text,label,predicted
@user @user what do these '1/2 naked pics' have to do with anything? They're not even like that.,1,0
"@user @user That's coming, but I think the victims are going to be Medicaid recipients.",1,0
"@user Wow,first Hugo Chavez and now Fidel Castro. Danny Glover, Michael Moore, Oliver Stone, and Sean Penn are running out of heroes.",0,2
Savchenko now Saakashvili took drug test live on Ukraine TV. To prove they are not drug-fueled loonies?,1,0
All CSG and Fracking all around Australia is to cease and Mining Entities held Accountable! - Sign the Petition!,1,0
An interesting security vulnerability - albeit not for the everyday car thief,1,2
"When Ryan privatizes SS, Medicare, Medicaid, & does away with ACA, what will Trump's base feel about ""change"" then? That's a big one right?!",0,1
Swampbitch Nasty Pelosi  loves yelling 'Fire' in the crowded swamp. #blackfriday @user,0,2
OPINION: The Anti-#Trump #Riots Are a #SmokeScreen:,1,0
ISIS and The CIA What You Need To Know! #ISIS #falseflag #saudi #CIA #mossad #israel,1,0
Listen to win passes to see #FantasticBeasts after 2pm w/ @user,1,2
The left has really gone Full retard haven't they?,0,1
"#Israel fire updates: Major blaze breaks out near #Jerusalem, firebombing suspected...",1,0
Bike parking still free.,1,2
Survey shows Poroshenko has lost considerable electoral support in two years,1,0
"So that Westworld show, it isn't too bad. I guess. If you like that sort of thing.",1,2
#Trump MEMORABILIA#BlackFriday - UP TO 40% OFFUse Code: BLACKFRISAVE#DrainTheSwamp #Deplorables…,1,0
"@user it's weird 'cause I usually like music in his vein, but it's every so shy of being memorable like a Bob Dylan/Lou Reed thing(?)",0,2
#Putin has had it with #Obama and has decided to throw #America out of #Syria negotiationshttps://t.co/z4CBIDDU11,1,0
idk where to start after my intro. im writing from a pro-raising-minimum-wage pov but I'm stuck ☹️,1,0
This isn't the 1st time @user & the #Hamas supporting #IntifadaBrigade mock disasters/terror attacks while p…,1,0
Come on Electoral College. Please do your job. Majority of Americans do not want @user This is NOT the f…,1,0
@user That looks like Trump's transition team.,1,0
@user @user involuntary euthanasia is a better system,1,2
@user @user @user You're also young :P,2,1
"@user it's free with insurance because of Obamacare, which trump wants to repeal 🙃",0,1
The #Obama admin. has carried out a deliberately deceptive campaign accusing Iran of sending arms to #Houthis#yemenhttps://t.co/KYu02C73ww,1,0
Power of 50+ years of unrelenting CIA propaganda for sure. Lest we also forget 50+ years illegal USA trade embargo…,1,0
"Okay, @user I think I've got my #GilmoreGirlsTop4: Max, Jess, Luke, Sookie",1,2
“It’s such a futuristic idea. A world in which the descendants of slaves become poets.” ~ Terrance Hayes #NBAwards,1,2
@user Wow...this is one deadly statement! Reminding me of the Greta Muhammad Ali.,2,0
#pmp course prep with @user in #tripoli #libya; 25% discount; only 5 seats left!,2,1
i bought it for kh3 and persona 5 and ffxiv (tho i havent touched that in months,2,1
Drop 75% Price: £7.88. Paperback: The Gay & Lesbian Marriage & Family Reader: Analyses of Problems and Prospe...,0,1
"@user Man who funded anti-Trump riots, Hillary, @user funded radicals to overthrow police, Ukraine go…",0,1
"@user Stay right here, buddy. There are lots of nasty women and bad hombres that are staying too.",1,0
"Suarez on twitter: ""YNWA #StevenGerrard"" [@LuisSuarez9] #FCBlive",2,1
"Its to be expected from ""electing"" a Fascist Nazi",0,1
"@user sadly, Putin has won big time over the past 10-15 years. His biggest triumph being the election of his proxy @user",2,0
US Airstrikes Hit 34 Daesh Fighting Positions Near Libya's Sirtehttps://t.co/E2aJFRljJx#Libya #News,1,0
"*** COURTESY POST - URGENT - RESCUE ONLY ***In danger of euthanasia, rescue needed NOW. Spalding County is in...",0,1
"@user @user I hope this isn't another attempt to get a 300 hitter from the National League who now hits 220 Tai wins Cy young, ew",0,1
"@user I'm still hype af for Berseria, Persona 5 and FFXV!",2,1
@user deadline for WI is today and hoping your people are on it and NOT this lying Putin loving scammer,1,0
@user @user @user @user @user Past Time to take care for our planet.,1,2
@user same (praise Kim Jong-un),2,1
Don't forget to buy crap! Also who's got my #Hatchimals hookup,0,2
4. One last time - #ArianaGrandehttps://t.co/0o4T0q3GsY,2,1
Dady is slaying the game of abs.AMÈM LIAM PAYNE #MtvStarsNiallHoran #MPN #OneDirection,1,2
"@user Hi. I can't find the old episodes of #TheWalkingDead  on Virgin on Demand anymore: have they gone, or am I looking wrong? 😊 ❤📺",0,1
As does the $$ the Secret Service must pay to fly on Trump planes to protect Melania & the kids.,1,0
@user @user @user America was saved. Wake the hell up. You want 2M refugees? Global gov?TPP?Learn the facts goto college,0,1
Soz but u can't protest against animal testing if you eat meat & dairy. Laboratories are like a vacation compared to meat & dairy farms.,1,0
Thousands flee Raqqa as Turkish-Kurdish tensions threaten anti-IS campaign #ISIS,1,0
Worthy Read~,1,2
"""who's the most wiped out white boy? Zac Efron! Zac Efron!""",1,0
Fan opinion: right now I would absolutely take Justin Verlander as a Red Sox. Hands down. #RedSox,2,1
Bannon bringing Reagan back! #magahttps://t.co/FgL5uiKtJK via @user,1,2
Anti-Trump Protests And Riots Backfire!! Students Starting To Realize Th... via @user,1,0
"RT @user When they're literally doing a Nazi salute you don't have to fudge and call them ""alt right""",1,0
Steve Bannon Should Stay out of White House: Attorneys,0,1
#humanrights #UnitedNations Palestinian capable of overcoming aches to help humanitarian aids!,1,2
I think we should give all #ISIS members a Bible this #Christmas,1,2
"Even after the 4th time watching #FantasticBeasts, I still teared up at the John Williams opening scores. Such a cry baby 😭",2,0
Banda Piper -  Ricky Martin (Livin' la vida loca) e Marron 5 (This love) via @user,1,2
DAPL doesn't effect a single cent of fossil fuels,1,0
@user @user @user Loyalty's V.important 2.Dems GOPe Press all working against him. Mitt foreign policy vision diff.,0,1
".@DrJillStein @user Answers? What are the Qs?Problem is voter suppression, not vote chicanery.Focus on the former, not the latter.",1,0
@user they have some bad hombres working tonight?,1,0
"IFC signed agreement with Bank of #Palestine to scale up lending operations to smaller firms, especially women-owne…",2,1
The The Orlando #Python User Group meetup is hosting the Deep Learning with #Python on Monday after next. Be there:,2,1
@user it's soft conservatives who are cool with gay people (sometimes blacks) and drone strikes versus genuine progressives.,0,1
#Buzzfeed is using #BIGOTED #ReligiousTest! #ChipGaines #JoannaGaines #HGTV #Christian,0,1
Westworld and our increasingly wired sense of eroticism,2,1
@user I'm voting for Tim Duncan,2,1
@user she introduced Ivanka to her husband!? Wow all surrounded by Putin's agents,1,2
67.4 kg gold missing from Delhi airport in 7 months - via,0,1
@user Legal terminology for opposing gay marriage? Homo MatrimOHNO,0,1
What would The [un] @user & Conservatives say if @user or @user did a secret deal to give $300miln to WA? #auspol,0,1
He's already ENRICHING HIMSELF by charging SS TOP price @user Towers Melania should b forced 2 live @user when time,0,1
You can now virtually travel the planet as #Google Earth is available in VR.,1,2
New #BeautyAndTheBeast photo of Gaston wooing Belle @user @user,2,1
Fast food companies spend $2B advertising to children each year. How's a parent to compete? #NationalFastFoodDay,0,1
Smart roads are the companion self-driving cars need.,1,2
@user she plans to rig the recount...so the Trump admin better be ahead of this. Even Obama didn't want her to do it.,0,1
Increasingly looks like Russia just conducted a sophisticated intel & propaganda operation of historic significance…,1,0
"@user A fine on that level does not really make much difference, does it 😔 #fracking destroys #environment @user",1,0
"The deplorables will have an awesome four year long hangover, think salt and hemroids, head in a sack bar of (cont)",0,2
@user When are we going to sign Mr. @user to his extention? Let's get it done!,2,1
"@user @user @user Great, so how far will you comply? Just squeeze a little more gun control?Ban angled foregrips, fudd?",0,1
"George soros...a member of the National socialist German worker party(nazi party). He served under Hitler, Himmler,this man said...",0,1
@user @user @user @user @user The NeoFascist Conservatives all cling to the fact that...,0,1
Spirit of my silence i can hear you. But im afraid to be near you. #ThisIsUs 😍😍😍,2,1
Why does everything need a #remake?  Enjoy the #classics!  #BeautyandtheBeast #TheBradyBunch,1,2
"Brexit has started the disintegration of the EU, Italy&#39;s Europe minister says - -  - The populist ...",0,1
Using #homeopathy to heal #PneumoniaInDogs is quick & economical #NaturalDogs #HolisticDogs,1,2
Dear President Trump I think you should mak Dr. Ben Carson assign to your cabinet as the US Surgeon  General instead of HUD.,1,0
"@user tried to drink, but just allergies so I sat there congested and bored watching David Blaine",0,1
"$2 Mil a DAY to protect Trump et al, because Melania doesn't want to move to DC, & Trumpkins wants to ""go home""",0,1
@user only Marine le Pen seems pleased! Very concerning for Europe. Hope some heads start to really work in Brussels!,1,2
"@user Imagining a credible threat, can they force him to sit down for the briefing? ""Look son, some bad hombres wanna get you...""0",1,0
Here's Obama legacy; we started his presidency with 3 wars and we end it with 7! & drone strikes; & Hillary wanted…,0,1
"Let's stop parsing.Just as #AltRight = Nazi, populist = anti-immigrant white supremacist. This is simple, irrefutable historical fact.",1,0
#Tigers #Memorabilia 2013 DETROIT TIGERS TICKET LOT OF 3 vs WHITE SOX CABRERA VERLANDER VGC L@@K! #Vintage #Sports,2,1
And Melania didn't plagiarize her speech either,1,0
@user @user I'm retiring from twitter,0,1
Watch Tesla Model S P85D’s instant speed avoid a potential rear-end collision,2,1
This is by far the most clear-eyed WH appraisal of Obamacare's problems that we've seen. That's encouraging.,1,2
I'm starting to like the cowboys without Tony Romo,1,2
Its getting really hard to not spoil Persona 5 for myself,1,0
Trump hit by media for choosing billionaires for Cabinet - Member of transition team Anthony Scaramucci weighs ...,0,1
Neymar Jr leads the #UCL for assists - seven so far. We've got plenty more stats where that came from:…,1,2
Here's some @user data on the partisan divide separating Dem and Rep views of Putin and Russia's role in the…,0,1
its always valentines with this one #BabySelcaDay,1,2
Dalai Lama and Pope Francis said it is wrong to identify Islam with violence/terrorism coz no religion can be relate with violence/terrorism,1,0
"Steve Bannon - its okay for straights to call lgbt ""gay, fag**t, and qu**r""... anyone who comes to me saying that gon catch these hands 👊💥 👊",0,1
Tesla’s autopilot model highlights the dangers of self-driving cars and potential flaws in engineering.,1,0
VAMOS #LM10 No one can hold you down. If you really want it.Just steal your destiny.Right from the hands of fate🙌…,2,1
Top story: TekUniverse Slashes Prices On The DreamCreator 3D Printing Pen For T… see more,2,1
Donald Trump should get Petr Cech to be the wall on the Mexican border. Nothing would get through.,1,0
I'm gonna write a book based on Jigsaw capturing David Blaine lmao everyone's gonna h8 it,1,2
Phrenology meets deep learning. Precog here we come. If we could apply the test to all politicians & CEOs...https://t.co/xNywkS60Yd,1,2
What the right wing press have dug up about the Brexit Supreme Court judges,1,0
"Despite their rocky history, @user has joined the #LinuxFoundation as a platinum member",1,2
.@Liz_Wheeler @user voter suppression very real in WI per higher court injunction. Keep up. Secretary Clinton did not request recount.,1,0
"@user Yeah, Key made it look easy. Also see, gay marriage: Turnbull believes the same things as Key, but is in all sorts of trouble",1,0
"Dear NO voters, are you celebrating your victory? So are Nigel Farage and Marine Le Pen. Enjoy the lovely company. #ItalyReferendum",0,2
"So Fidel is dead, but can someone enlighten me as to what's next?? Venezuelans rejoiced when Chavez died, but Maduro's just as bad/worse.",1,0
Comey still must go!,1,2
Just seen #FantasticBeasts #IMAX it's like #PokemonGO only pretend.,1,2
@user @user How do you explain this?,0,1
saw david beckham on david blaine's tv special and i had to bite down so hard to stop me from screaming daddy,2,1
Ahmed lost his home to IS. #MosulOffensive,1,0
Malak al-Khatib: Symbol of Palestinian childhood denied via @user #gaza #palestine #israel #BDS #jerusalem,1,0
THE GREAT WALL OF ISRAEL #gaza #palestine #israel #BDS #apartheid #jerusalem,1,0
8 Dangerous Side Effects of Fracking That the Industry Doesn't Want You to Hear About | Alternethttps://t.co/NknAwg0MV4,1,0
"@user @user @user UK great Antoine Walker on if his 96' team could stop Bam: ""Ask Tim Duncan about us.""#BBN",1,2
Now i know why they are raving about this show! #thisisus,2,0
"@user @user wow!! How awful! I thought this was next because of transgender acceptance, not gay marriage.  Great video! #pizzagate",1,2
"@user says ""In 2007 The #UnitedStates of #America voted the wrong way on genocide in the #UnitedNations """,1,0
Apple nabs obscene share of smartphone profit thanks to Samsung's Note 7 debacle - MarketWatch | #galaxyNote7 #Not…,0,1
Fracking Banned in City of Frostburg Through Existing Legislation – The Bottom Line News,1,0
"""Kim Fatty the Third""",0,1
Actually bWAR does an adjustment for defense I think. Not a very good one. That was the essence of the Verlander/Porcello debate.,0,1
"When I'm in public and pull a pair of underwear out of my sweatshirt sleeve, I can't help but feel like David Blaine. #magic #static",2,1
@user @user @user @user @user ummm vaccines have avoided over 700000 deaths since the nineties...,2,0
#RaulCastro: #Cuban #government will not #allow to be named after #Fidel the street and put him monuments…,1,0
Our own #MannequinChallenge @user @user @user thank you Studio Halloum .FULL VERSION ON FACEBO…,2,1
"You got nothing to loose except your Retirement, SS, Medicare, Pensions, Healthcare, the right to vote. They voted GOP, need Mental Health",0,1
Arm urselves becuz no 1 else here will save u.My 71yo dark-skinned nonwhite mom's new gun 2 be ready 4 pick up on…,0,1
Do you think Michelle Obama wanted to smack Melania Trump for plagiarizing her convention speech? She has the arms for it.,1,0
"Is #Ukraine headed for another revolution? #Saakashvili who resigned the Kiev govt because of corruption, thinks yes",1,0
first date dream: take me to an anti-trump protest,0,1
Jill STEIN WHY YOU DO ME A FAVOR GO RECOUNT FIDEL CASTRO S  BALLS,0,1
@user @user @user @user @user Honestly? Current day short haired 80s power businesswoman Megyn. So fine.,2,1
"#tech #summary:  #tesla  #model s can be located,  #un #locked,  #stolen by manipulating  #tesla  #apps",0,1
😂😂😂😂 I was about to say shimmy Duncan because of tim Duncan but it ain't sound right,1,0
Lauren Graham Responds To Lin-Manuel Miranda's 'Gilmore Girls' tweet - beautiful!@fallonthornley @user,1,2
Join me in supporting Foster Campbell via @user #UniteBlue #LibCrib,1,2
James Harden is better than Cristiano Ronaldo,1,2
Why it's time for a rethink on flu vaccination #Immune System - Vaccines @user,1,0
@user The effects of voter suppression were likely greater than both.,1,0
Spider-Man: Top 5 Actors To Play Kraven The Hunter -,1,2
Chinese scientists convert infectious viruses into live vaccines to tackle deadly viruses,2,0
"68,000 Iraqis displaced from #MosulOffensive: #UN via @user",1,0
(There's a better chance of Logan Verrett winning a Cy Young than there is of me ever wanting my family to do  the mannequin challenge),1,2
Is this leaf ?Can I eat ?Open the leaf!Oh! This is SUSHI.In NARA.#foodie #Thanksgiving #WorldFoodDay…,1,2
"""We have lost everything"": Syrians return to ravaged Aleppo, @user reports. by #AP via @user",1,0
@user @user And it's why their first order of business will be to put major voter suppression in place nationwide.,1,0
Remarkable. Expert who investigated death of Litvinenko 'killed himself' after trip to Russia @user,0,1
"this is a very diverse & talented cast of men, but I find it hard to believe that no women wrote #NBAwards-worthy b…",1,2
Harlem Salutes Fidel Castro -- Tribute and Farewell From Black Community,1,2
"Dakota Access Pipeline protest, go check it out. Stuff you don't hear about on TV.#dakotapipeline #dakota...",1,0
@user @user @user you act like they are going to give us the death penalty so there is a middle ground,1,0
@user  Trump always appeared uncomfortable with chants of #LockHerUp and #DrainTheSwamp,1,0
for White Supremacists/Nationalists/Alt-Rightists their central hope for the future is a return to a past as it never quite was,0,1
Sharon needles is doing Melania trump n the crowd is chanting CULEERAA,0,1
Shoutout to former Falcon great & @user guard @user for accepting job with the @user #FalconsEverywhere,2,1
@user I'm not late 2 #GilmoreGirls but I'm late 2 ur game: 4) Sookie 3) Emily 2) Luke 1) Paris #TheLadiesAreStrong!#GilmoreGirlsTop4,1,2
"The Truth, The Whole Truth & Nothing But The Truth! These voter registration laws SHOULD B UNCONSTITUTIONAL  bc the…",1,0
Kim Fatty the Third 😂😂😂😂 China has excelled itself this time 👌,0,2
"Telling.#Assad, #Hezbollah and #YPG fight as one again, according to pro-regime sources.#Syria",1,0
See #AngelaLansbury trending on @user Oh no.  reads story.Oh she just hates the idea of the live action #BeautyAndTheBeast movie.,1,0
Poroshenko was allowed to fine the TV for separatism -,1,0
The externalities when Linux Foundation joins #microsoft GNUOpponents of #swpatsVictims of Microsoft's patent extortion campaignTruth,0,1
"@user @user also, the things Obama was blocked from doing, like fixing environment, would save far more",1,0
Join #PatriotForceOne to fight progressives control of social & mainsteam media. Unite now #PJNet #Tcot #Tlot #TPP #JusticeforBenghazi4,2,1
Please suspend  #ISIS accounts@safety @user @user @user @user,1,0
@user what do drone strikes have to do with Syria?,1,0
“Lead claimant in case also says newspaper coverage has incited violence against her and prevented her leading nor…”,1,0
Microsoft joins Linux foundation as Platinum member. Va @user,1,2
"If I just listen to the whole Leonard Cohen catalog one more time, will it start to feel okay? #fuck2016",1,0
@user Mr. Arici didn't even pretend to donate to charity while paying to undermine our country with a dictator?,1,0
"RT @user white media gon keep calling these folks ""alt right"" then run a 60 minute special asking how these people came to power.",0,1
Romulan Empire insiders announce new deep learning app that can beat a Bajoran child at Dom-jot. But can it win for Bajoran kids?,1,2
"@user Herein lies the problem Conway said ""he is well aware of what US POLICY has been""  this was a deliberate act like Cuba Embargo",1,0
Football-Leaks: Cristiano Ronaldo accused of massive tax evasion via @user,1,0
"At United, there are great traditions, which you can't buy in o... #CristianoRonaldo #citations",1,2
Presenting Seedo: World's First Fully-Automated Hydroponic Marijuana Grow System #MedicalCannabis #MedicalMarijuana,1,2
Leonard Cohen thought we were all just hustling on Boogie Street:,1,0
@user @user @user @user Listen 2 Mike.It will be easier2 avoid the liberals stupidity than2 try 2 understand,0,2
.@StephenBannon has no problem being compared to satan:,0,1
Director of National Intelligence James Clapper Resigns #TrumpTransition #TrumpTransitionTeam,1,0
@user why didn't he use executive Order! Like he's DOES with drone strikes in wars?,1,0
I actually cried just playing the 3min demo at the beginning of this. I can't believe we live in a world where...,0,1
"@user I find it funny that some people are like ""down with cis"" and it makes me laugh just how Nazi that sounds.",1,0
Stop Cosmetic Animal Testing (CRS 225)@HSI_Canada @user @user @user @user,0,1
1D One Direction 22 inch Two Tone Teddy Bear with Varsity Jacket  #1d #onedirection,2,1
#UnitedNations what's the point just another talking shop.. running around  shaking a stick .. as much good as a scarecrow. No notice taken,0,1
Pope Francis Urges Scientists to Find Solution for Climate Change,1,2
<-A Very Sexy Lesbian Couple. A & J #nsfw #bath #bubble  #onedirection,1,2
UK government rejects MPs' criticism of #Libya intervention,1,0
Another #oil producer's under pressure to devalue its currency & fight a booming black market for #dollars. #Libya.…,1,0
@user #hatchimals yes please!,1,2
RE: Christian Ronaldo's new hair: It's been worse. #Mensstyle #Mensfashion,1,0
So true. #DrainTheSwamp & start with #NeverRomney. @user,1,2
"@user ah I have a few! Persona 5, South Park, Horizon, Detroit and RDR2! Far too many haha.",1,2
Only 82 days left until Valentines Day,2,1
@user This is a big problem with conservatives. You have to be respectful and present your argument intellectually.,1,0
@user @user Nothing says racial justice like defending voter suppression as good when democrats do it.,1,0
"Congratulations Mr.Trump, YOU just lost the popular vote by over 2,000,000.",0,2
"@user it's a joke, but maybe don't be the biggest sweetheart to kim jong un",0,2
Highland Council Website achieves Gold Standard for digital accessibility #LocalGov #LocalGovDigital #accessibility,1,2
@user Already have massive voter suppression.,1,0
A French photographer has #3Dprinted a camera lens and maintained the quality of his photos - @user,2,1
"@user ""British values""?  What are they?  Fear of foreigners?  Blaming immigration for all our woes?  I think we should be told.",1,0
"@user I know. This, TPP, expanded wars and drone strikes, mass surveillance, on and on...",0,1
#Soros  Prayers for a hedge of protection for President Trump and our men and women in uniform and all who protect…,1,2
"You say change the world yet cling to the past whether it be white supremacy, reliance on fossil fuels, or the fact…",0,1
"@user @user Big Mistake to mess with Mr Putin! He is from the trenches, smart and capable! @user",1,0
"If a ""thing"" is accessible through the Internet, someone else can control it, exploit it, break it, or steal it.…",0,1
It's always odd to me when ppl / analysts say this ... it's like saying The Royals Bullpen should win Cy Young,0,1
TONIGHT at the Leaf: Gravity A // night after Thanksgiving party // Maple Leaf! Bring your ticket stub from the...,2,1
"@user Yeah, ima respect this Admin as much as they respected Obama's",0,2
PURE COMEDY. From a supporter of #Hamas and Islamic Jihad. @user,1,2
#Iran rejects Israel's claim of arms transfers to #Hezbollah on commercial flights - 'absurd and evidence-free',1,0
"""oh he just saying this stuff to get elected"" said in relation to - repeal & replace Obamacare - Muslim (cont)",1,0
@user it's that logic that leads you to believe that the embargo on Cuba had nothing to do with their living conditions.,1,0
How the #uber case will help local taxi firms in the UK -  #uberdriver #taxi #transport #jobs #wages #bristol,2,1
I think its so interesting that half of Cubans are mourning the loss of Fidel Castro while the other half are celebrating,0,2
"The 10 most difficult countries to visit, according to the man who's visited every single onehttps://t.co/1wCVUwnuXh#Libya #News",1,0
"@user also, Pope Francis (Chief Illuminati) said Trump was ""un-Christian"" I had a feeling he was really not…",0,1
"Anyone admit ""was going to vote for Clinton until the Comey letter switched me to a far-right wing supporter of fascism.""",0,1
"Michael Moore: They Voted For A Guy Named ‘Hussein’ Twice, Trump Voters Are Not Racist",1,0
"And there we have it, we are certainly living in the end times: Microsoft Joins The Linux Foundation",1,2
"#BlackLivesMatter planning to disrupt #BlackFriday Shoppers in Chicago. Rahm Emanuel can't keep citizens safe, but…",1,0
"with the Electoral College being decided by 0.06% of the vote, there's no way you can trace it to any one cause",1,0
@user You deplorables haven't been saying Merry Christmas because you thought you weren't allowed...bwahahahaha now that's funny! 😂😂😂,1,0
Interesting that recounts are only in states where Trump won. What about #TheWalkingDead? California should be main…,0,1
"One thing we're learning about Trump is that his train of thought rarely runs on a single track, writes Ron Elving",0,1
"Microsoft—yes, Microsoft—joins the Linux Foundation",1,2
This is Iraqi Armyhumanity and kindness and protectionNo more #ISISISIS is passing and dissipate#MosulOffensive…,1,0
@user I've heard worried educators discuss this in the context of veganism/vegetarianism too. Made me shiver.,1,0
I am a hipster muppet who enjoys authoritarian fracking . Support our troops.,2,0
@user Democrats will always b on the defensive. Warren said she would protest changes Trump seeks 2 make 2 the agency she helped create.,0,1
Enough Already! Trump is in Transition,0,1
Save 33%! - MLB Chicago Cubs Kid's Jersey Toothbrush #sports #siskiyou,1,2
#payforplay begins in earnest! #maga and you suckers thought Clinton was bad?,0,1
Much respect for Fidel Castro - his desire to avoid a cult of personality and so no monuments&streets to his name. A true leader indeed.,2,1
galaxy allo dictionary of garbage note 7 fire ios exynos 🍆 🍆,0,1
#WESTWORLD Dolores is MF Wyatt mutherfuckerrrrrrr I don't think I've guessed one MF thing I love shows like this,0,2
@user @user  Let's keep recounting-we can bury this popular vote complaint- get those extra questionable votes removed lol,1,0
"@user Jack, you know no one can eclipse Cristiano Ronaldo, the sun king of sports. Not even Cam Newton.",2,1
"Venezuela: Maduro calls for ""rebellion of Venezuelan women"": Thousands of people took the streets of Caracas on…",1,0
I mean. He won't try to kill her and that's probably the worse thing for him. #Westworld,1,0
"@user But grocery dudes get paid full minimum wage, thats the difference, they don't rely on tips.",1,0
Negative?]*does a huge garbage bags bc i like anymore except for PS3 wow. north american persona 5! —,0,1
"Eventually facts cant be ignored: ""Rockefeller charity withdraws investments in fossil fuels"" #keepitintheground",1,0
Is This the Most Bizarre Cristiano Ronaldo Commercial You've Ever Seen? via @user,1,0
Westworld.Damn.There is life after Game of Thrones.,2,0
Quick favor - how to politely end conversation with an over chatty #uber driver?,2,1
"It is time we Georgians did not depend only on others, it is tim... #MikheilSaakashvili #quotes",2,1
"@user If the popular vote counted at all we wouldn't be having this conversation. Trump won. He's a jerk, but he did win.",1,0
On sustainable goals... more countries are making pledges to drop the use of fossil fuels and…,2,1
#UsefulNewVerbs Don't make me galaxy note 7 on you...🙄,0,1
@user No solution to a free press and a supposedly civil liberty society. We can pass real gun control maybe for AR rifles.,1,0
Grayson Allen could sneeze and someone would get charged with a foul for giving him a cold,1,0
I was working a minimum wage job from 8.50 and got promoted now I'm gonna be an assistant manager and I'm going to a new store,2,1
"@user and Michael Moore in a 45 min wide-ranging, civil and informative election talk via @user",2,1
Begala: I got a better deal through Obamacare,1,2
lmao at all the libs who are worried about whats gonna happen to gun control... my dudes we are way past that level of effete value signals,1,0
"@user NICOLAS MADURO Y CILIA FLORES AMONG OTHERS, MANAGE THE INTERNATIONAL DRUG TRAFFICKING FROM THE PRESIDENTIAL PALACE(MIRAFLORES).",0,1
@user @user @user @user @user @user how about the states Hillary won by less votes??? Them too?,0,1
Some doctors say palliative care is better than voluntary euthanasia. Better for who exactly? #vicpol #auspol,1,2
@user the reality is that anyone who made a big splash in their teens & is now not in a 20-something or eligible for social security,0,1
@user @user but also Michael Moore. Weird mix.,0,1
OPINION : Cuba performed a miracle by maintaining sovereigntyFidel Castro’s life prompts us to ask afresh some...,2,1
"im like a hawaiian roll still in the bag because your mom won't let you open it because ""they for thanksgiving""",1,0
@user lol alright alright,1,2
"Pelosi and Warren met with George Soros last weekend. Now a recount really,Jill Stein how much did Soros pay you to ask for this recount?",0,1
"@user why ""almost Latina"" Hillary did not already work this for you #epicfail Hope they release him! #FreeOscarLopezRivera",1,0
Wikileaks: Clinton Foundation Inside Information Raises Questions About Bill Clinton | TIME,0,1
#sexy girls get fucked for first time zac efron and vanessa hugens having sex,1,0
@user @user ROFL!!! 😂😂😂😂,2,1
Pray for Aleppo! O God please help these people!  😔,1,2
Dump The Electoral College? New Poll Suggests Otherwise,1,0
#Music #ArianaGrande-THE REMIX-JAPAN ONLY #CD E78 #Bestseller #Hit,1,2
"Framing anti-idpol leftists as ""alt"" makes the job of the kind of psyop tankies that attack zizek too easy.",1,0
#Iran Using #CommercialPlanes To Smuggle Weapons @user #tcot #p2 #hezbollah #houthi #gwot…,1,0
@user More👇Mahatma Gandhi 1930Pope John XXIII 1962Pope Francis 2013Finger stuck while applyig burnol?https://t.co/PmAgr4Qi6D,1,0
"Remember, it always comes in three's ... Florence Henderson, Fidel Castro and the next will be .......Cross your fi…",0,1
Republicans have created replacements for Soros/Clinton Nazi ObamaHealthcare but it would have never seen the...,0,1
#Spurs #GoSpursGo 2011-12 Panini Black Box #/99 TIM DUNCAN Black Status Elite Rare SPURS!!!! #TimDuncan #NBA,2,1
#Spurs #GoSpursGo TIm Duncan 1998-99 Upper Deck Super Powers Spurs #Card #S24 #TimDuncan #NBA,2,1
Car and Driver | Self-driving cars will soon roam the dilapidated grounds...,1,0
@user @user ...time for you to go down to riverwalk for coffee !Buh bye......,1,2
ITS A GALAXY NOTE 7! (Vine by @user,2,1
"The alt right are nazis. Steve Bannon ran Breitbart, the platform for the alt right. Steve Bannon is in the white h…",1,0
@user  @user 1of2 - Mentioning Popular Vote w/out explaining how MASS IMMIGRATION affects it - is like mentioning the collapse of the - -,1,0
How #deeplearning is powering video #SEO:,2,1
"Castro, Leonard Cohen, Prince and Bowie are jamming together in heaven. It sounds like garbage. ""Why is Castro here?"" the other 3 are saying",0,1
Trump's wall on the Mexican border is just copying what Dhul-Qarnayn did to the Yajjuj Majjuj. #islamicmythologyjokes,1,0
Michelle Obama- Girl's Education- Brilliant- Role ModelMelania Trump- Nothing- Stole speech- Married Trump <-- that's saying enough,0,2
You obviously attended a Saudi-funded Madrasa - you support #Hamas & #Hezbollah = two know terrorist organizations.…,1,0
"Everyone Google STEVE BANNON and shock, it means so much, I understood I wish it was illegal to my heart w",2,1
Natural resource exploitation in the Dead Sea area - The case of Ahava #gaza #palestine #israel #BDS,1,0
Ash y Shay han pasado juntas Thanksgiving <3,2,1
Clueless Nancy Pelosi: Too much is being made of Clinton emails,1,0
#KobeBryant #Cards 2011 Panini Gold Standard Kobe Bryant Rare Auto Lakers Jersey On Card #17/49… #Kobe #Card #Deals,2,1
How can #Canada condone torture? #UnitedNations,1,0
"#GilmoreGirlsTop4 4. Mrs. Kim 3. Emily 2. Luke 1. Paris, without a doubt!",1,2
I be mad Terry birthday in the same week as Christmas but dead ass be laughing when Valentines Day roll around an my birthday the next week,1,2
Deer Lakes Park is looking pretty spiffy & Allegheny County officials attribute its $2.2 million in improvements to #fracking revenue,2,1
"@user Here's evidence that the neocon elite don't like Steve Bannon. If he did what Henry Kissinger wanted, you'd change tack.",1,0
"@user I'm really asking. Are any GOP leaders demanding investigations? For that matter, anyone in Obama admin pledging action? 1/",0,1
"""Why do you advocate for veganism/ vegetarianism?"" Well ... for one, if the whole world went vegan we could end world hunger ...",0,1
"She wasn't rejoicing because Israelis are burning, no she cried for the land grew up on but will never see again #Palestine",1,0
"@user David Lee is considered by some to almost single-handedly turn Tony Romo into the QB he became. So, yeah, I think it's fine.",1,2
Book about killing gentile children becomes bestseller in Israel - #gaza #palestine #israel #BDS,1,0
"@user @user she's a great journalist, not sure where you get the 'piece of trash' you are talking about",1,2
Graphene 3D Lab Plans to Develop a Next Generation Lithium-ion Battery and Joins Forces with Stony Brook University,2,1
"Say what u will abt his drone strikes but obama is by far the hottest president. The 2nd hottest is jfk, who to me is a 4, sorta frumpy",2,0
Kim Jong Un doesn’t like being called ‘Kim Fatty the Third’Compains to China... They censor...https://t.co/szfHN5Auh1,1,0
@user they paid for it out of every paycheck. The wealthy's elderly give everything to their families then claim Social Security.,0,1
"Another controversial paper? - Do They All Look the Same? Deciphering Chinese, Japanese and Koreans by Deep Learning",1,0
#Lebanese army halts construction of wall around #Palestinian camp #FreePalestine #Palestine #CNN #BBC #FoxNews,1,0
"What about WORST OFFENDERS, the violence against women in Muslim Islam Countries? #orangetheworld #Women #UniteBlue #Democrats #college #NFL",1,0
"@user I don't cry very often , bit your anti abortion video nearly ot me going . Bless you , @user .",1,2
WOW!!! ITS INCREDIBLE HOW #FOXNEWS IS SELLING THE #TRUMP BILLIONAIRES AND WALL STREET CROOK CABINET MEMBERS. HEY...,0,2
Yes Mr Corbyn you're probably thinking  democracy  s   u   c   k   s...,0,1
Strikes me that a propaganda drive that made it harder to organise voter registration might have had an impact,1,0
Discover The Many Dangers Of Vaccines and Vaccination,0,1
How will you spend your courage? Jane Mead reads from WORLD OF MADE AND UNMADE. #NBAwards #MiamiBookFair2016,1,2
@user I heard Steve bannon's is so thin if he gets a boner it can split atoms,0,1
"@user @user Look, I'm not gonna lie: that cut me deep. But with the help of Kim Jong-un I will get through this.",0,2
"@user @user @user @user we were mocking the idea of gun ""control"". lol",1,0
Is this the best George soros could come up lots of love,0,2
Chris Patten: “Anybody welcomed by the Ku Klux Klan is not somebody I’d like to spend an evening with.” #SteveBannon,1,0
"Fine, I guess I'll tolerate Steve Bannon's appointment, but only if he legally changes his name to Race Baiter Ginsburg",0,1
Seeing Angela Lansbury trending and fearing the worst. But it's about #BeautyAndTheBeast so we good ✌🏼️,1,2
liberals: russia is about to occupy dc! 😱lefties: trump & putin are gonna destroy ISIS together! ✊,0,1
"Lest anyone say that #Palestine & #Israel can't work together, #IsraelFires are Exhibit A that, yes, they can.",2,0
Using robots to interview children about #bullying,1,0
But... I dont wanna say goodbye the nations first black president.. 😢😭😭  #ThankYouObama #FLOTUS #Obama #DontGo,1,0
I want to talk shit poetically like Muhammad Ali did. That shit is lit.,1,0
"@user @user Yeah, ok man. He's got more knowledge than you ever will. If he tried to get the popular vote, he would've.",0,2
Don't really want this to end but here goes... — watching Westworld,2,1
Charles rails on bible thumping conservatives all the time and I find it funny because they're always taken a back that a veteran is going—,0,1
"@user that's true... you are working for some people. Aka George Soros. Answer our questions and quit insulting us with jokes, Jill",0,1
@user it would have felt better had we not had a Maduro or a Diosdado Cabello so the celebration wasn't as riveting lol,0,2
Dutch writers stage walkout over #Hezbollah contract,0,1
"I have learnt to accept it, and maybe it's charming that she looks pretty casual for an abortion?",1,2
"@user fossil fuels are unbelievably harmful to the environment, and there are many people who are living on green energy and thriving",1,0
REPORT TRUTH! #NoDAPL #Unconstitutional #PoliceBrutality #StandingRock #HumanRights #EnergyTransferPartners…,1,0
Dave's worried about Le Pen victory!,0,2
Pop is gay for Tim Duncan,0,1
2016 hot Stylish Women/men 3D digital printing sku... USD 39.99➤,1,2
"@user voter suppression in numerous states( purging of a majority of democrats[blacks,latinos,elderly] in at least 10 states worked.",1,0
Internet of Tents and 3D printing workshops with @user @user and Andy Kitchen! #buzzconf,2,1
@user hope to be there myself but don't you think reframing a subject as complex as abortion as a yes/no question is to over-simplify?,1,0
Ukraine pres Poroshenko confident of US support after Trump victory,1,2
"After S6, my #GilmoreGirlsTop4 has changed:4. Richard3. Sookie2. Jackson1.  Paris",2,1
"Ex-Georgian President Saakashvili says Ukraine is ""running against the clock"" to prevent another revolution.",1,0
her words:i would agree regarding recount but you'll destabilize system; electoral college is 2 represent; have se…,0,1
15. Justin Verlander should have won the 2012 and 2016 Cy Youngs.,1,2
speak the truth even though if its leading to death penalty. cause nothing will set you free except THE TRUTH.,2,0
@user I am one of your constituents. Too late coming to the table and we won't forget that.  @user,0,2
"@user you have got to be retarded? These fossil fuels are not infinite, we must adapt and evolve and end the dependence of fuel.",0,1
If we had death penalty referendum Theresa May couldnt just bring back hanging using Royal Prerogative. Need Act of Parliament.,1,0
"Remember , during the Bush years, causing or being involved in another countries Civil war was unthinkable.…",1,0
"*playing guesstures*me ""when you get your nails done!""gage ""OH ITS MEDICARE!!""😂😂😭",0,2
"@user Instead of building a wall on the Mexican border, can you build one across the @user defensive line?",0,1
"#Uber Introduced a New Feature to ""Thank"" Your #Driver",1,2
3d printing live!,1,2
"Amnesty Inter' @user latest report on #Yemen, layied on biased activists,turning people in #Taiz from victims into aggressors.@AmnestyUK",1,0
#Yezidi #Peshmerga forces playing volleyball and crushing #ISIS in the frontline. #Kurdistan,1,0
Donald Trump and the Rise of White Supremacist Media @user #NotMyPresident #uniteblue #Resist #MAGA #tcot @user,0,1
Attended Youth Speak Forum @ #USConsulate by #AISECInChennai Lot of ideas and interactions#unitednations #y4gg,2,1
$15 Minimum Wage Would Boost Economy & Create Jobs,1,2
if Persona 5 is already out and ready in Japan why can't we have it nowpleasemy crops are dying,1,0
Seth Meyers on Steve Bannon: 'He's a white nationalist and an anti-Semite' #Tv…,0,1
#Israel: #Iran Smuggles Missile Technology to #Hezbollah on Commercial Flights @user @user |,1,0
#TrumpTransitionTeam #Boycott @user hire Muslims denied #VeteranSpouses employment … #MAGA #Conservative,1,0
"Trudeau Elected by the same  ""Obama Team"" M.O.   Used Against Netanyahu ""OUR TAX MONEY""…",0,1
"Mr Trump win without him, he can bring Confucius in the cabinet",0,1
"Emily, Paris, Kirk, and TJ.#GilmoreGirlsTop4 #SookietheInvisible5th #teamLOGAN (Yes, I know, an unpopular opinion)",2,0
@user @user maybe bc 2 big headed 2 snarky 2 childish 2 animated 2 sarcastic 2 many hand gestures 2 anti Trump  is that enough?,1,0
"You might be in luck Gav Polish Tomasz is lucky, in 11 Muslim countries its the death penalty just for being Gay. I…",0,2
#NowPlaying Leonard Cohen - Joan Of Arc (live),2,1
"@user May God grant victory 2 Syrian freedom fighters who'r resisting the most loathsome & hated Assad and Russian, Iran thugs. #Aleppo",1,0
Bob Dylan - How to Cultivate the Perfect Environment for Creative Work via @user,1,2
#Barca's win at #Celtic cannot hide problems with summer recruits!! #FCBarcelona #fcblive #ForcaBarca,0,1
@user I'm raising $ for a new film on abortion rights in Red States + TRAP laws that are putting women at risk-,1,0
I love how conservatives say liberals are the biggest crybabies. Give me five minutes with a conservative and I'll have them crying,0,2
#Hollywood #Life Magazine - Superstars! #OneDirection - Harry Style - #ZaynMalik - Liam Niall…,1,2
#ElectoralCollege save #America before it's too late! Before you wake up to a #Putin rule of #US via #Trump,0,1
Sergio Busquets is better than Zinedine Zidane #fcblive,1,2
"@user I don't have time to prepare vegan foods for myself everyday. After my liquid diet, I am returning to vegetarianism.",1,2
"@user @user achieve just ends"" = fighting ANY attempt to prove citizenship to vote. You call it voter suppression.#Insanity",1,0
@user @user @user ALL HAILKIM FATTY THE THIRDAndDUMPY TRUMP THE SECOND,0,1
"@user And another 1...they, the deplorables made it so easy 4 U! ""I love my uneducated"" B/C they R U!",1,2
@user @user Original Nazi Party used to be at zero too,0,1
❤️ Leonard Cohen on Democracy and Its Redemptions – Brain Pickings,2,1
"""As channel btwn east & west #Ukraine has huge potential as producer & hub"" At business roundtable w @user /JL",1,2
If #work is for #robots & #life is for humans then start doing this right now!,2,1
"@user Important: All these numbers exclude losses of #Iran, #Hezbollah and other foreign Shia militias.",1,0
"""IN the past year alone, over 100 women from Limerick have travelled to the UK to get access to abortion services...",1,0
"Cristiano Ronaldo has now scored against every team he has faced for Real Madrid, except Dinamo Zagreb (49 out of 50).",1,2
#vegetarianism for #meatlovers V important mission - many get the #ethics but can't give up the #taste Well done!,1,2
The press are too critical of Pres Elect Trump. He has done a lot for the first 2 weeks of transition #MediaFails,1,0
I've been eating animal crackers and I'm not testing ..,1,0
Large pharma are uniquely positioned to drive forward deep learning in drug discovery. They are the only ones with datasets large enough.,1,2
#Deplorables = ;-) #RockNRoll !#JoanJett & the #Blackhearts -I #Love #RockNRoll via @user,1,2
Remember The Pretty White Girls Who Became #ISIS Terrorists?You May Wanna Take A Look At Them Now....#OpISIS...,1,0
TV shows that more people should be watching. #ScreamQueens #MTVScream #Quantico #HTGAWM #The100 #Blindspot #Drama…,2,1
Israeli army kills a Palestinian youth in the Shuafat refugee camp east Jerusalem#israel_on_fire#Palestine#Jerusalem,1,0
Kim fatty the third! Original!,1,2
Why condoms are ‘bad’ for you on Valentine’s Day,1,0
#Mosul has been cut off from rest of the #ISIS control so called #Khilafah #TalAfar #MosulOps #MosulOffensive,1,0
@user There was a long email thread that predated posting it to LJ. There was also Jen's gold standard 'My Little Pony' fanfic,1,2
11:11 wes cass twins mak ppbos pp philly tpp ****** ******* happiness,1,2
@user Always with you Mrs. Clinton. #stillwithher,2,1
Retweeted Daniel José Older (@djolder):The honorable @user receiving the #NBAwards and recalling being...,2,1
Dance Teacher Realness with my 10th grade girls #mannequinchallenge,1,2
"#Hamas loves the fires in #Israel.  Why shoot rockets, when a few matches can burn homes, forests and force evauation. There's no Iron Dome",1,0
"@user @user @user  Globalism, multiculturalism  and political correctness are just fancy names for communism #UnitedNations",0,1
I know tony romo was very much considered an “accident waiting to happen” but i think its the perfect terminology for cousins.,2,1
The latest STOP ETHNIC CLEANSING OF PALESTINE! Thanks to @user #palestine #israel,1,0
Hashid al-Shaabi militia control 3 villages West of Mosul... #MosulOffensive,0,1
@user Are they going to boycott Cubs if Ricketts appointed to Trump cabinet?,1,0
Cannot believe people are attempting to sell a $50 toy for 6x the price! Unbelievable! #Hatchimals #peoplesuck,0,2
GM everyone #tbt #onedirection #5sos,2,1
The latest Morgaine 's Mix and Match! Thanks to @user @user @user #yemencrisis #yemen,1,2
"#IOM #Iraq: 1Month into #Mosul Military Operations, over 68,000 Iraqis #displaced from Mosul + adjacent districts…",0,1
Millions $s spent on pall care in Aus. Time to spend on #AssistedDying #VoluntaryEuthansia. We want both!  @user,1,2
Donald get ur act together Quit fights on twitter w @user Ur #notmypresident but ur 🇺🇸pik Get to work fool #TrumpTransitionTeam,0,1
.@utahjazz players aim to give Rudy Gobert the experience his French childhood deprived him of: catching passeshttps://t.co/cZcmBwoHUI,2,1
#Saddam's #Cousin #Arrested In #ISIS Attack on #Kirkuk -->,1,0
Earlier on Thursday Samsung teased us with a preview video for the Galaxy Note 7 handset set to launch this week. Data backup and...,2,1
@user @user Get me on the show and let me sell you a #Hatchimals @user picked up on our story,2,1
"I have not yet seen @user Yeah, I know I'm abusing it. #FantasticBeasts",1,2
"#ISIS affiliated media: ISIS launched 20 suicide attacks between Nov. 15-21 in #Mosul battles, allegedly killing 487. #MosulOffensive #Iraq",1,0
#Outnumbered We elected @user to #DrainTheSwamp not add more snakes. @user is a backstabbing globalist snake. #NeverRomney,1,0
"#ISIS prisoner in #Iraq: ""I regret my actions"":https://t.co/8OY8KCIGcH#MosulOffensive #refugeecrisis #baghdadi #syria",1,0
The Covert Origins of ISIS #gaza #palestine #israel #BDS #syria #ISIS #StopBombingSyria,1,0
"@user @user conservative logic: fossil fuels are somehow created on 7,000 year old earth",0,1
.@HillaryClinton Visit us for #SmallBizSaturday and pick up our 1st #stillwithher tee unveiled at 12am!    🙌💋,2,1
Either way the hail victory move reflects well on Richard Spencer. Other alt rightists shouldn't be afraid to do the same in the future.,2,1
Trump Copied Hitler:Adolf Hitler Said He Would 'Make Germany Great Again' #NotMyPresident #UniteBlue #LoveTrumpsHate,0,1
"New favorite: Playlist Dark Folk (Leonard Cohen, Sufjan Stevens...) by Kim - Indie/Alternative Editor @user",1,2
Tour the World Anytime with #Google #Earth #VR -,1,2
I must be having deja vú cuz I coulda swore thanksgiving was yesterday? #thanksgivingleftovers,2,1
Apple Watch MMF62LL/A Sport 38mm Smartwatch #NationalFastFoodDay,0,1
"@user But for Comey, Clinton likely would have won; but for Clinton being too arrogant to realize how vulnerable she was, she'd have won",0,1
"Think Big:  Hey,,,, I just share. It's only $6.99 (paperback)",1,2
"As a fellow fatty, here's why I support Kim Jong-un banning all references to ""Kim Fatty the Third""…",1,0
"infecting each other with dead asteroid fibroids, a homeopathy of trauma called human bonding (walter scott)",0,1
Bob Dylan's and That Wild Mercury Sound (via @user #longreads,1,2
"When @user sets up his wall/fence on the Mexican border, I hope he’s going to include hedgehog highways.",0,1
AU gun control legislation requires gun club membership. It's given gun clubs loads of money and lobbying power:,0,1
"@user no I believe u, not denying there was testing on woc. I'm saying animal rts ppl wouldnt support it, which the tweet implies",1,0
"@user @user @user @user @user @user Liberals would allow them here, never ever liberals.",0,1
@user are you listening? #AuditTheVote #StillWithHer #resist #NeverTrump #Recount2016 #SaveOurFuture…,2,1
"It's time to denounce fake news!And while we're at it, maybe we can stop referring to Michael Moore movies as documentaries.Sound good?",0,1
NFL Latest Trade Rumors & Update: Trevor Siemian Unfazed With Potential Coming Of Tony Romo To Denver…,2,1
"... and Kaepernick, Obama & Michael Moore weep unending tears.",0,1
"@user Every election has had someone pushing for a recount... seems strange for the ""winner"" of the popular vote to to call for it ;)",1,0
The gold standard in Christmas caroling: Detroit Mar Thoma Church. No doubt about it! 🏆🎄,1,2
Having worked in a HUD agency for 3 yrs gave me a wide array of insight & knowledge on housing issues. All important. So Ben Carson? 😳😲WHY,1,2
"@user @user Don't really read news. Try to get to source of information, eg DMV, Voter registration etc.",1,0
Israeli forces shoot dead Palestinian near Shufat checkpoint for alleged stab attack #Palestine #Israel…,1,0
Police: assailant shot after trying to stab security at Shuafat checkpoint in East #Jerusalem,1,0
@user update: Zac Efron kissing a puppy,2,1
"The future of 3D printing? formnext 2016 showcases new tech from Nano Dimension, HP, others - #3dp",1,2
@user I guess the world's super power putting a brutal economic embargo didn't hurt Cuba at all,1,0
How did I miss #NationalFastFoodDay 😭😂😩,1,2
"@user After 60 plus controls by Liberals control, they still can not see the picture. This would of been true, objective reporting",0,1
If y'all didn't know... #MannequinChallenge is over people. 😂😂 w/@jvalentino_ @user @user,1,0
@user for this?Might travel to Estoril to see and record,2,1
HISTORY WILL NEVER FORGET THE NAME PRESIDENT BARACK OBAMA!THE 44TH #POTUS#ILoveObama #AnObamaCelebration…,2,1
Ashley Graham is a vision in velvet at VH1 Divas Holiday bash 😍,2,1
"We're doing a black friday sale, but we're donating 100% of the profits to support the Dakota Access Pipeline prote…",2,1
"I'm coming for you, Bob Dylan. You started this.",0,2
4D printing: Complex self-folding structures created with 3D printed shape memory polymers@Vimeo an,2,1
#FantasticBeasts still holding on. Could go O/U #DoctorStrange $220M finish. #BoxOffice,1,2
"Near #Bayji, #CJTFOIR engaged a #ISIS tactical unit and destroyed 2 vehicles and a bunker#Mosul #Mosuloffensive…",1,0
Thanks for the sickening update #aleppo,0,2
How The Booming Fake News Biz Proves That Liberals Are Just Smarter Than Conservatives,0,2
Leonard Cohen passed away #TheScreamingStarted,0,1
"@user @user @user Face is crooked? Please, she is stunning. You'd crawl thru 3 miles of dog poop for 10 sec of her time",0,2
#HATCHIMALS - BEARAKEET #TARGET EXCLUSIVE #SOLDOUT! 2016 HOT  #CHRISTMAS #TOYS #BlackFriday #sale  @user,1,2
Venezuelan Congress Declares President Maduro Has Staged a Coup | TIME,1,0
#LukeEvans Flirts With #EmmaWatson in New #BeautyandtheBeast Image,2,1
"@user please, please, please, i beg you, keep demonizing the white voter block until 2018. Pretty soon all dems will have is Ca and NY.",1,0
@user ensure good voter registration in Nyanza region and its environ as a strategy of early victory come nxt year august,1,2
"@user I recognise that, you look slightly less tired than I did when I got up there though #flippingsteep",0,1
Just watched Michael Moore's Trumpland. Admire his effort. It got me sad in ways I haven't been since election night. And he called it.,1,0
Steve Bannon’s First Pick For President - POLITICO Fascinating and says a lot about Bannon #StillWithHer #recount,2,1
So TRUE!! #NeverRomney Reject ROMNEY!!! @user @user @user,0,2
Voter registration needs to be purged Country wide. Then have everyone re-register with proof of citizenship. @user,0,1
"Before I board my flight, my wife's friend Pedro hands me the new Galaxy Note 7. And all this time I thought he didn't like me. #BlackFriday",2,1
Do you know #ScreamQueens well enough to be a Chanel yourself?!https://t.co/I4aVnvBKnw,1,2
"RT @user In 2016, just nice:""DC restaurant apologizes after hosting alt-right dinner w/ ‘Sieg Heil salute’ @user",0,1
"#Saakashvilli, like #Tymoshenko, is looking out for #1, and not the best interests of #Ukraine or Ukrainians.https://t.co/lzFhWxzLCf",1,0
"Me: This is a Velvet Underground song!Courtney: Ohh, is that Leonard Cohen?Me: NO IT'S LOU REED",1,2
@user @user Hellllllll ya I would if it had Zac Efron in it ❤️,2,1
"@user @user I'm sure they're still useful to Dems in some way, which is why we're still hearing about BLM post-election.",0,2
@user @user & to this day every convo w/ Berner you have to redefine 'voter suppression' before we can continue.,0,1
Divests! 🔊Dakota Access PipelineMajor Company w/actual ETHICAL STANDARDS WITHDRAWShttps://t.co/dHLWwR6vUB#PEOPLE..OVER..PROFIT,1,0
We rise and fall as one...We will arrive together. - @user reads from THE UNDERGROUND RAILROAD…,1,2
"NoWe Haven't Forgot How Conservatives Criticized Michelle Obama's Bare Arms, Stay Silent On Melania Trump’s Nude Pix",0,1
Party Tipp 😎😎😎🎶🎶🎶🎉🎉🎉🎉,2,1
"My mom just asked me what my research paper was on and I said euthanasia and she literally asked ""Youth in Asia?"" 😂",1,0
"White pride goeth before a fall: Alt-rightists turn on each other over ""hail Trump"" video",0,1
When that old lady was luckier than u... #3YearsOfMidnightMemories#MPN #OneDirection,1,2
#DeMonetisation was the favourite of leftists and socialists once upon a time. Amusing to see the boot on the right side.,0,1
@user how can we be 100% certain it's #ISIS & not US forces doing it from ISIS territory?,1,0
Pray for our Pope Francis and his ministry to the whole world.,1,2
"Early this morning I was reading: ""The Medical Cannabis Guidebook, The Definitive Guide to Using and Growing Medicinal Marijuana,"" 2014. ;-)",2,1
Excellent read to understand #MosulOffensive: On the ground in Mosul: why the worst-case scenarios are coming true,2,1
Front to back 😉😏😍😘 #frontendfriday #tigif #gotass #beautyandthebeast…,2,1
KIM FATTY THE THIRD,0,1
Tory Burch Kerrington Valentines Amore Heart Tote -,1,2
@user Seems to me like at this point liberals are hypersuspicious of non-mainstream sources and rightists hyper-suspicious of mainstream,1,0
"#Iraq, #Mosul | #Iraqi_Forces regains control on neighborhoods east of Mosulhttps://t.co/etDq7hxPvQ#mosuloffensive #MosulAid #journalism",2,1
"@user euthanasia is for those suffering terminally health wise. But, do you or your organisation help those who are feeling suicidal?",1,0
Explore the world without a plane ticket #VRhttps://t.co/EdIFpndTML,1,2
Top: Regime blasts Aleppo; aid urgently needed: The UN Security Council will vote Monday on…,1,0
"Link to one of the electoral voters trying to STOP President Trump, hit him up, hit him hard, but use CLASS.https://t.co/yStgmL3R13",0,1
#Fracking & Drinking #Water Map Shows Where You Shouldn’t Drink Tap Water #NoDAPL #DakotaAccessPipeline #INDIGENOUS,1,0
Retweeted CaptainsLog2016 (@CaptainsLog2016):Voter Suppression/FraudFake NewsRussian HackersFBI Witch...,0,1
"#UsefulNewVerb  You can't come up with your own speech, so you Melania somebody else's speech.",0,1
"@user @user @user Completely irrelevant, FBI Comey the Hatch act, Antony Wiener's laptop- relevant, but not to electoral college",0,1
.@DefraGovUK please can you stop hiding discussions on #fracking and make sure people aren't kept in the dark on an important issue?,1,0
@user the ACA extended the funding for Medicare btw,2,1
"""Well Zac Efron is gonna resize all your holes."" @user @user I'm still giggling",2,1
Only sanctions can change Israeli policy | Letters #gaza #palestine #israel #BDS,1,0
CCS completed a mannequin challenge today! Take a look at our unique poses #EducateTogether #MannequinChallenge #CCShttps://t.co/I8yglQkalK,1,2
"I just called Tony Romo ""a crackheads' Bret Favre"" on Facebook. Facebook wasn't worthy of that 😄",1,0
@user How about 3D printing tiny beer cans for the cooler on the roof...the one next to the car might be too big :D,1,0
"@user must we care at all? any more? i know you are a bot, but even robots have feelings!",0,1
#gilmoregirlstop41).  Lane's Mom (Hello @user  Michel!!3).  Kirk (obviously)4).  Babette while running and holding her boobs,2,1
so my grandpa got medical marijuana and I think he's addicted:'),2,1
"@user @user not true. e.g. say you represent an area where the death penalty might be ""popular"", should an MP just vote for it?",1,0
@user @user @user @user @user @user Next up no wall on the Mexican border.,0,1
John Lewis Won The National Book Award #johnlewis #nbawards,1,2
Govt declares #Uber an illegal service in Bangladesh,1,0
George Soros from 7:30 at the video timeline speaks of his involvement with his fellow Jewish community being...,0,1
this is a prime example of why we need Hillarys stricter gun control legislation.,1,0
@user fucked up real fast lol. If you do it in a safe way it can be helpful imho even tho my therapist always just tell me to TIPP,0,1
1. Luke2. Jess3. Lane 4. Taylor  #GilmoreGirlsTop4,2,1
"I strongly concur with the voter suppression outrage expressed in this article, though I don't agree with its...",1,0
. @user Getting rid of #Gaddafi in #Libya meant near civil war & #ISIS/#AlQaeda in Libya. US & UK know this (also Hillary's baby!).,1,0
"""I can't listen to Bob Dylan, then flip through Netflix.""",1,0
Dakota Access protest in Portland turns into celebration after halt of … #Fracking #NoDAPL,1,0
"@user Remember when Qatar gave $1 million to the Clinton Foundation as a ""birthday present"" for Bill? #TrumpTrain",0,1
I completed my challenge 🤓,2,1
The lady next to me on this flight is playing with her galaxy note 7 and I'm slightly terrified lol,0,1
"#BREAKING: #terror East #Jerusalem , #Israel : Shoafat attempted stabbing #terrorist Neutralized",1,0
I didn't know Seth Myers had a cameo appearance on #ThisIsUs!,2,1
DIANA LET ME BE THE ONE TO LIGHT A FIRE INSIDE THOSE EYES. #onedirection #3YearsofMidnightMemories,2,1
@user They'd look kinda cute together and atleast she's not a racist nazi so that's an upgrade,2,1
@user You will fit in with steve bannon and all of trumps true patriots. !,2,1
"via - Okay, it is historical but HOW did women PER SE become so DOWNGRADED? They GIVE life©",1,0
"UK 'about to repeat #Libya mistakes in #Mosul', warns Crispin Blunthttps://t.co/08Us0CLEw9",0,1
Is it possible to watch an episode of #ThisIsUs without crying ? Asking for a friend.,1,2
@user U off your rocker?  We are not supremacists but how can we trust someone like Romney who backed U among other things,1,0
@user Make my little girls Christmas please! Can not get hold of a #hatchimals anywhere,1,2
@user isn't Raul more liberal and who tf is Maduro,0,1
1980 Dont get in a stranger's car.1998 Dont meet someone from the Internet. 2016 Use internet to meet people whos…,1,0
If this doesn't convert people to vegetarianism nothing will,1,0
@user like pre tpp or his death,0,1
oh em geee #BeautyAndTheBeast,1,2
@user @user you know she was bought and paid for a Pelosi wannabe,0,1
#Hezbollah Martyr Qasim Shamkha Martyred on 03/11/2016 in West #Aleppo telling his brothers he wants to sleep.,0,1
Edward @user Lied About Special Forces TrainingJune 2013 Email from JFK Special Warfare Center & SchoolH/t…,0,1
"@user #UnitedNations should really stop meddling in countries domestic issues, at best they should call for borders strenthening.",1,0
@user BHO goes to Cuba drops the embargo which was at least 50 yrs old it's ok! Trump recieved a phone call heads exploded WTF?,0,1
#NationalFastFoodDay Don't Forgot to #BoycottPepsi after Pepsi CEO’s Anti-Trump... by #Sheepdog176 via @user,0,1
does anyone knows where can i buy #Hatchimals in #london? #soldouteverywhere #help,1,2
My article about @user and protesting the anti-semitism of Steve Bannon,0,1
"That is how it always starts ...""2001, Microsoft CEO Steve Ballmer described Linux as a “… cancer that attaches...",0,1
Achievement unlocked: We all survived baby vaccines round 1 #parenting,1,2
"Putin: ""Saakashvili was an insult to the Ukrainian people""",1,0
Cristiano Ronaldo with class.,2,1
@user @user when this guy gets involved in voter registration it will be a gamechanger KANSAS=TOUGH vo…,1,0
When do you suppose someone will tell him that China is not a party to TPP?,0,1
@user sad to say I am bradim the Tipp people will love to buy me a pint😄,2,1
@user Reporter:You NOW believe humans contribute 2 CLIMATE CHANGE?Trump:Correct. R:What changed your mind?Trump:Had some BAD CHILI,1,0
@user @user How does *everyone* pay for my health care plan exactly?Obamacare is NOT medicaid...,1,0
"Five Star Movement not 'far right' like Le Pen, or UKIP - but has similar features and happy to play on immigration fears.",1,2
"U can help support #Recount #NotMyPresident #LatinosForHillary #Resist  Filing 2day, 2morrow & Wed. #StillWithHer",2,1
"Rod Serling wrote or adapted two-thirds of the 156 episodes of ""The Twilight Zone,"" and the quality never wavered.  Still the gold standard",2,1
"Nobody woulda payed attention to Jim Brown or Muhammad Ali if they were Sub-par in their sports careers...Sad, but True.",0,1
💋 Ashley Graham💋 American Model 💋 Literate/Descriptive💋 Designer,2,1
Startling results of the anti-Trump riots! #MAGA #Outnumbered #BuildingAmerica #NotMyPresident #AltRightRising…,1,2
I'm so here for Vogue calling out designers for not dressing Ashley graham but how great would it be if they actually named those designers?,1,2
He said he was a Cubs fan but a true fan wouldn't have said that. It's Cubs season in my heart💙🐻❤️ #365,2,1
NR then: Muslim immigration ban “religious scapegoating.” NR now: “Time for Honest Talk about Muslim Immigration.”,0,1
Don't mess with the D!https://t.co/f908BcY0XL #Bridgegate #PresidentTrump #MAGA #TrumpTransitionTeam #TrumpsArmy,1,0
@user @user Tide is turning! Next -kick Maduro to the curb & embark Santos on a 7 year trip with his Nobel peace prize paper weight,1,2
"@user @user of course! but since when does opinion have to = disrespect, nasty comments",1,0
future is for UBI,1,2
#GilmoreGirlsTop4 I'm so late1. Logan2. Jess3. Emily4. Paris,1,0
ICT serves death penalty to Idris for crimes against humanity,1,0
@user @user @user @user @user @user Ever notice cities with the most niggers have gun control?,1,0
"@user @user your ""source"" amounted to the Monarchy of Qatar, which owns the network and sponsors Terrorism by #Hamas",1,0
.@Idubbbz @user - .@realDonaldTrump makes a video apologizing for making horrible videos,1,0
Every Social Media user must take #Cybersecurity seriously.#SocialMedia #Network #Security #hacking,1,0
"L #ZacEfron #Fashion ZAC EFRON CHARLIE ST CLOUD BLU RAY IN ORIGINAL CASE, MINT CONDITION!! #Actor #BestSeller",1,2
They actually weren't too keen on a Black Friday sale because they're white supremacists.,1,0
Watching #TheOtherGuys and am now convinced this was the beginning of the #MannequinChallenge 😂,2,1
"I Mean HELLO?! Administering Broke vaccines daily (Side effects may include insomnia, euphoria…",0,1
I'm definitely too dumb for Westworld lol,1,0
@user @user Let us give thanks to recounts and the end of the alt-right Nazi's...,0,1
"But why should we be employing medical people from a different country - where are our own medical staff, why...",1,0
Three years of Midnight Memories? My mind is blown and my heart hurts. #favoritealbum #onedirection #timeflies…,1,0
#Trump; 'I can't wait to see your huge erection on the Mexican border' Sessions; *don't make eye contact* 'FFS! I…,0,2
The Bill Clinton and Barack Obama Legacy.  Japan lives in fear of crazy regime in North Korea,1,0
Why is #ThisIsUs a big network hit? via @user,1,0
Euthanasia spirals out of control as Netherlands allows euthanasia for alcoholics via @user,1,0
"FRANCE'S FRONT NATIONAL MARINE LE PEN: ""ITALIANS HAVE DISOWNED THE EU AND RENZI.""",1,0
Sorry Grayson Allen there is a new sheriff in the acc and his name is Joel Berry.,1,0
"War on Poor With Trump and Ryan in control, antipoverty programs Head Start, food stamps, and Medicaid imperiled.",1,0
"#Obama & #Hillary’s deception on Syrian WMD revealedhttps://t.co/MReqhgC5pB Yep, both #Democrats. Go figger. #TCOT #GOP #uniteblue",0,1
"@user @user @user @user In June, I cut off Fox altogether! Dana, Juan, and Megyn all bat for the other team.",0,1
"Renzi Resigns Following Crushing Referendum Defeat: Beppe Grillo, Marine le Pen, Matteo Salvina Tweets #Bitcoin #B…",1,0
Did the self proclaimed petty queen block me?!?! LMAO #winning,0,1
@user is there a special way you could sign my Kindle version of your book? It's the one downfall of the e-book empire,1,0
"@user Steve Bannon now says he is an ""economic"" nationalist; check further, he is definitely a white nationalist.",0,1
"@user conservatives called me a scammer as an insult , I take it as a compliment ❤️",1,0
.@MalaysHomeopath Sorry? You're countering the possible death of babies after #homeopathy with an article about how sales are increasing?,1,0
"#MosulOffensive: Shiite forces poised on edge of Tal Afar, won't enter city, spokesman says",1,0
@user I’d sign off on it - if we must be self defeating. Bolton good choice for Trump-style cabinet. @user @user,1,2
Kate Upton not backing off on Cy Young talk (Yahoo Sports),1,0
How does Lagos measure up to leading #Uber cities in Africa?. Read more:,1,2
"@user @user @user Look at Cities Run by Democrats. Chicago? Strict ""Gun Control""",1,0
@user Could CA’s illegal voter registration drive torpedo Hillary’s carefully laid plans 4 victory?,1,0
Time to celebrate for Indian Liberals?,0,2
#GilmoreGirlsTop4 4. Sookie3. Richard2. Emily1. The Dog Paul Anka,2,1
I will. Just like Seventh Woods is gonna block a Grayson Allen shot this season.,1,0
"A @user fan PLEASE buy these tix from me for the game on Friday. They're great seats, and I made the mistake of thinking it was in ATL",1,2
‘Macy’s Thanksgiving Day Parade’ Scores Highest Ratings in 13 Years,1,2
@user He always said he wanted to repeal Obamacare I don't get why 20 million of his voters might have went against best interest. 🙄,1,0
"Wow! This one's for #GinaMiller - but where are #Farage's 100,000 marchers? #Brexit #SupremeCourt",1,2
#Spurs #GoSpursGo 2008 Fleer #116 Tim Duncan PSA 10 Gem Mint Low POP 4 #TimDuncan #NBA,2,1
"@user Michael Moore must be the biggest Bronotsaurus; big, fat & lazy!!",0,2
@user @user @user Founders apparently were wise enough to see the abortion that SF has become,1,0
"@user @user lol, yea I'll take a republican president for the rest of my life!!! Dems will never win again, Islam = terror",1,0
"""Fidel Castro's last wish was no monuments in his name.""",1,0
DOPing Newz LIVE FEEDS - Watch the #Infowars Nightly News! #MAGA #Deplorables,0,1
🔥 EMERGENCY STATE DECLARED IN #HAIFA. #HAMAS PRAISE FOR MORE FIRES.  HEAVY RETALIATION AND SCALATION TO A FULL OPEN-WAR WITH #GAZA EXPECTED,0,1
Kim Fatty The Third will be pleased to know we've not been banned from nick naming him in the UK.,0,1
Of course #clownshoes #altright #IllinoisNazis,0,1
@user @user number one #Uber user complaint: Getting Grabbed. Can't make this stuff up! 😜,1,0
No More Trump Protest??,1,0
@user hey homeboy have you put any thought into boxing? Gyms are usually 90%+ minority. Not a lot of rightists there,1,0
Obama will not restrict drone strike 'playbook' before Trump takes office,0,1
Muhammad Ali never got put on the side lines Colon kapernick you ride the bench like a pregnant woman...you can never be Ali..,1,0
"Barcelona could face disciplinary action, after a section of vile fans chanted homophobic remarks at Cristiano Rona…",1,0
Contact electoral college. Not so hard to tweet a bunch of them. don't do more than 10 at a time so ur not locked.,1,0
"Say what you will about Obama's failings, but the contrast between an admin that cares about govt and one that does not could not be clearer",1,0
When all the poor whites who voted for Trump get their Medicaid taken from them I'ma be like ¯\_(ツ)_/¯,0,1
"If you support this, history will remember you exactly as you are- Deplorables & Irredeemables.  He'll get you, too.",0,2
So. Many. Plot twists. 😩😭😭😭😭 #Westworld #WestworldFinale,0,1
"When you can't beat them, join them. #Microsoft joins the #Linux foundation. True!https://t.co/nNe0OyjR3V",1,2
It is. @user was not created to protect terrorists or to support resolutions from countries that finance terrorism…,1,0
@user ...oblivious to the fact Trump's electoral college win was flimsy compared to HRC winning popular vote by nearly 3 million votes.,0,1
Messi at Adidas event and presenting his new boots yesterday. #fcblive,1,2
Liberals who think Castro was coolLook no further than the Cubans rejoicing in Miami They know Cuba,0,1
I'm still proud for voting for Barack Obama...both times! Eat a dick if you have a issue with it. Be advised. #ThankYouObama,1,2
You were better than my wildest dreams but I'm still not happy.. Kate to Toby. Poor Toby. 😢#ThisIsUs,1,0
@user the horsehoe theory AND the bell curve. mmm this will put those alt-rightists to task boy howdy,0,1
It can decrease anxiety...Read more >>>,2,1
The Bad Hombres  #TrumpInauguralBands,1,0
"@user @user @user unless you have Aleppo made an open city, nothing can really happen that lasts more than a day",1,0
China blocks searches for 'Fatty' Kim Jong-un nickname online. Kim Fatty the Third....brilliant. #kimfatty #china #kimjongun,1,2
@user get it? doubled down on whorish greed...if only I could do that with my #Obamacare penalties. Just need MRI 4 4fkd vertebrate....,0,1
we need a  Fidel Castro in Kenya  to gear up a revolution against a corrupt regime and have better health reforms #DoctorsStrike .,2,0
Oh times they have a changed! They are using cell phones and taking #uber on #GilmoreGirls!,1,2
"@user @user speeds in an alley near Bay / queens quay, almost hits me, then driver gives me a finger #greatservice #uber",0,2
RT @user .@ShaunKing: The alt-right movement goes full Nazi as Steve Bannon prepares to enter the White House,0,1
Ashley Graham On Vogue UK Magazine cover #losewieghtnow #lose fat #lose inches #feel good,1,2
"Time Perfect for #Geotechnical #Engineers to #Immigrate to #Australia, #Canadahttps://t.co/COPi0x2KhU",1,2
Label scan for Bob Dylan's 16th highest charting single Tonight I'll Be Staying Here With You from 1969.,1,2
@user in light of the voter suppression & the corrupt conflict of interest U have to vote @user,1,0
"@user @user Katie, don't worry about the Duke/Grayson Allen talk. He will trip people all year and be suspended by Feb.",1,0
@user The majority of the deplorables that voted for Trump Dumb,1,0
Yep arrogance and the Guardian writes a truth.Hooray!,1,2
I know I'm late af but is #5SOS like the new #OneDirection or something,2,1
Retweeted Agenda Of Evil 🐸 (@AgendaOfEvil):#Obama DOJ Fines Police Department $10K for Refusing to Hire...,0,1
#Jerusalem Prayer Team | Please continue to pray for the fires in... #Egypt #Israel...,1,2
"#Sexy #Beauty Mike and Dave Need Wedding Dates (Blu-ray/#DVD, 2016) Zac Efron & #AnnaKendrick",1,2
"""Conservatives"" not being very conservative if they think 'written agreements' overrides the Constitution.#AusPol",1,0
Civilian deaths in drone strikes amount to war crimes: Amnesty,1,0
#Iraq #Mosul #Civilians_fleeing Mosul caught under firehttps://t.co/yhW1MnYrNl #mosuloffensive #journalism @user @user @user,1,0
Cristiano Ronaldo Shortlisted For FIFA's 2016 Best Men's Player Award #cristiano #ronaldo #shortlisted #player……,1,2
@user @user yeah they found it in the files of the PS3 version,2,1
Trump Wins Bad Hombres Award #spoofs,1,0
#Aleppo : Opposition have taken 25 Iranians prisoner including a high-ranking officer.,1,0
Don't know if I have the stomach to watch another episode of #TheWalkingDead,0,1
#NorwoodUJIABirthright #Limiteless16 #Israel tour. #ShabbatShalom from the magical city of #Jerusalem,2,1
"Hey, democrats... the popular vote doesn't make Hillary president. That's what the electoral college system is for.",1,0
"if humanity mostly switched to vegetarianism would domestic cattle basically go extinct, or would a remnant number be sold as pets?..",1,0
"#trumptrain #maga #draintheswamp #neverRomney Okee Dokee, I just jumped off the Mitchell train. Oh well, I can't to…",1,0
It'll be a blue Christmas. #StillWithHer,0,2
#mannequinchallenge before it was cool,1,2
HEADLINE!  #Tesla Model S Swallows Christmas Tree!,1,2
@user oh my,1,2
@user How's your 3D printing going? I'm in the process of writing a grant for my EL school library.  Looking for ideas. Help pls.,1,2
This also renders me speechless .......irony anyone?,1,0
Even Mexican construction companies want in on the Trump Border Wall action..money to be made. $$,1,0
I AINT KNOW THEY DID GLEN LIKE THAT!!! #TheWalkingDead,0,1
@user that's amazing😎. I am a tipp supporter living i Sixmilebridge for 35 yr😎s. Then again there is no convention centre in smb😎,2,1
Im glad theyre changing the route for the pipelinebut can we just not have it at all? like please we dont need fossil fuels anymore,1,0
"@user Please select a TOUGH ""America First"" Patriot for this Department! @user @user",1,2
"You go your way,I'll go your way too-Leonard Cohen",1,2
"That's science fiction. Poroshenko can and does give Ukraine's property away, but he's never going to give away any…",1,0
Vancouver Mayor and anti-Trump rioters:  - // #GeorgeSoros is also funding foreign groups for riots not just in USA!,0,1
#Turkey #Yemen Supplies running out for Iraqis left in embattled Mosul,1,0
SOMA in Google Earth VR. This place is growing,1,2
"Have you seen the #Hatchimals? These are among the holiday season's most popular, hard-to-find toys:…",1,2
@user so you also don't even understand what #BlackLivesMatter actually means and what they represent? Lol you're dismissed kid,1,0
File Equal Protection Lawsuit to Overturn Unconstitutional Winner Take All Electoral College #1p1vote... via @user,1,0
"If you dislike someone because of skin colour, you're a muppet.If you're concerned about mass immigration, you're entitled to be.#SkyNews",0,1
@user @user @user @user @user THAN DISGRACERomney #ReStockSwampBREAK PROMISE #DrainTheSwamp.,0,1
"@user @user @user @user Clinton foundation donations drop like a rock when she loses,circle of life is complete!",0,1
@user  hackers breached voter registration databases in at least two states.  She stated that voting irregularities occurred,1,0
"#Russia-ns are meeting with terror org of #Hezbollah , #America-ns are meeting with terror org of #PKK , meanwhile #KSA & #Turkey are +",0,1
"Jeez Twitter, now it's #NationalFastFoodDay? Last week was #NationalCandyDay. Wake me when it's…",1,2
Steve Bannon's Face Was on an Ad on Pornhub How Will I Ever Feel Desire Again: An Autobiography,0,1
"Pence Purges Lobbyists, Insiders From #TrumpTransitionTeam #ChrisChristie...",1,0
and now fire in #Jerusalem area #fbt,1,0
SURPRISE TOYS #Christmas #ThomasTrainDisney Tsum Tsum Hot Wheels Toy Cars  Advent...,1,2
I hate her but... I love her songs Dammit ._.#ArianaGrande,1,2
FCBarcelona: 📷 Great pics from other side of Celtic v FC Barcelona: #FCBlive,1,2
Quisiera saber hacer esto. Beauty and the Beast (Piano Cover) @user #labellaylabestia #beautyandthebeast #disney,1,2
@user Yeah frustrating. Can I have Tim Duncan back? lol,0,2
I've created a quiz. #OneDirection Singles,2,1
'Long Live Fidel!': Castro's Ashes Interred in Cuba,2,1
@user @user I assume Obama and a large contingency of Dems & celebs will attend the funeral.,0,1
"@user @user @user ...and when they break this oath in favour of miniskirts & gay marriage, what then?",0,1
"OTD in 1944 the War Dept published a list of 1,718 Americans wounded  fighting ""alt-rightists,"" including these 56…",1,0
@user @user Britain is an ageing country & like Germany it has to realise it is increasingly dependent on skilled immigration,1,0
#Israeli Occupation shot dead a #Palestinian at the Shufat Checkpoint in Occupied #Jerusalem. Victim has not been …,1,0
A couple of days till I watch my baby Ashley Graham on American next top model❤️❤️,2,1
Watch Ashley Graham Nail The Mannequin Challenge!,1,2
@user @user need a grassroots effort to move more conservatives to CA! Reclaim the beautiful state.,1,2
@user #NationalFastFoodDay give me food plz!!!,1,2
Mah Stuff. #TheWalkingDead,2,0
"North Korea is literally begging China to stop calling Kim Jong Un ""Kim Fatty the Third."" Politics at its finest.",1,0
For no reason because animal testing doesn't translate to humans anyway,1,0
#GilmoreGirlsTop4 1. Luke 2 Jess 3 Sookie 4 kirk,2,1
I just don't get what's the big deal of using MAC products like I love MAC & I hate the animal testing but YALL need to chill,1,0
Recent Findings May Lead To Smart-3D printing By 2018 Researchers Find,1,2
@user Im ok abt not prosecuting #Clinton but I want investigation2c where theCorruption leads so it canBeStopped! #DrainTheSwamp,1,0
"Well, this one hatched but now I know what #Hatchimals are. This hot item sold out here @user in Parma.…",1,2
"But for us Democrats, Obamacare is a badge of honor. Because no ... #KathleenSebelius #aphorism",2,1
"Rock Princess ; Let's Keep This Secret 2 Ourselves ; DON'T Tell Loony Leftists That They Could've Bought  , Lots Of…",0,1
Grayson Allen should have gone to the #NBA after last season. His stock wont ever b that high again and that's not a shot at him as a player,1,0
"@user babe i thought you can do whatever you want... But, love, I'm no longer want to be without you.",2,1
Why are some vaccines optional? What can be the ill-effects if I don't get my child immunised with optional vaccine…,1,0
I can't even imagine how difficult the decision to have an abortion is as the mother...,1,0
They should get what they voted for a repeal of #Obamacare. Ppl learn the hard way.,0,1
Dems inaction over 2 million vote victory shows why they lose @user via @user,0,1
CNC and 3D Printing Brief is out!,2,1
YES! #campaignfinance reform is the underlying change that supports the effort to #draintheswamp Go…,2,1
.@TurnbullMalcolm A $1Billion loan of tax payers $$$ to lock ourselves into fossil fuels for 30+ years while we’re in a deficit. Great work.,0,2
Does This Ass Make My Car Look Fat?  #p2 #ctl #ImStillWithHer…,1,0
#Aleppo : Opposition killed 80 militiamen during violent battles for the village of #Al_Aziza.,1,0
@user @user all the liberals in the US will be morning their hero. Let's see if Obama lowers white house flag.,0,1
zac efron poses nude #lovely libra porn,1,2
Voter Suppression/FraudFake NewsRussian HackersFBI Witch HuntWiki DNC Attack.. And Hillary still won the popular vote#Resistance,1,0
"@user @user Side with Hollywood or the media? Hillary was also a Goldwater Girl in the 60's, anti gay marriage, pro Iraq war",0,1
"That's great, but who purchased those shares? Shifting responsibility doesn't solve the problem. #NoDAPL",2,1
"@user @user We all hope you join her soon,Out of Office.",1,2
#Iraqiforces seized #Qaratapa south east of #mosul#MosulOperation #mosulop#mosulops#mosuloffensive#IRAQ#ISIS…,1,0
Find yourself a physics prof who could pass as a 3 time cy young winner.,1,2
Cy Young: The Greatest Pitcher Baseball has Ever Seen #Pitcher #Baseball,1,2
"""there were reportedly as many as 12,000 people in the protest camps."" I had no idea it was that large.https://t.co/n6m4uUGRyJ",1,0
"Video: #Saudi military vehicle burns and artillery explodes in it after being targeted by #Houthis in #Assir, south…",1,0
@user @user @user I want Zac Efron to play me.,2,1
#jerusalem is now trending in Malaysiahttps://t.co/3Tp6hN0Inf,2,1
"@user @user @user @user It's only a small left fringe that does, not the actual mainstream left, unlike main rightists",0,1
This is no time to go after consumer agency! via @user @user,1,0
"Marion Maréchal-Le Pen, niece of FN president Marine Le Pen, met Poklonskaya at Russia's State Duma and was invited…",2,1
"Checked out @user Fuck Donald Trump tour after reading about the riots in Portland, Ore. It's still #FDT.",0,1
Five-year-olds caged to clean up streets for Pope Francis via @user,0,1
@user @user @user @user That's how the Clinton Foundation works. Only 5 % goes to charity and the rest to ClintonCart,0,1
"@user @user @user Learning from those who cause massive attention can be useful if you wanna do it too, or prevent it.",1,2
@user @user Gotta love experts on Putin style.,0,2
"#RIPFlorenceHenderson #AngelaLansbury not impressed with #BeautyAndTheBeast remake, #arethafranklin national anthem",0,1
@user surprise CFPD donated $50K to Clinton..you sanction abortion so you should enjoy watching Trump gut your precious baby.,1,0
If Juul goes out of business HB will make the anti-Trump riots look like child's play,1,0
"@user No she said ""white people shouldn't be running it"" but same thing to dems.",1,0
"Israeli forces violently disperse march in Kafr Qaddum, protesters suffer tear gas inhalation | Maan…",1,0
#BREAKING Reports of attempted stabbing in #Shoafat East #Jerusalem #Palestinian shot dead#Israel,1,0
China Doesn't Want Its Citizens to Call North Korea's Leader 'Kim Jong Fatty the Third',1,0
@user There are 2 options for the US to fight terrorism. Full scale war or drone strikes. I support the lesser of 2 evils,0,1
"RT @user This is real. VERY REAL. Alt-Right Neo Nazis loved by Trump's Chief Strategist say ""Hail Trump"" w/ Nazi Salute.",0,1
Pics from @user on the Interview by #HollywoodLivetoday about #Homewalk and more! #ThisIsUs,2,1
Google Earth now available in VR #internet #feedly,2,1
"MSM & lefty pundits after decrying #Trump cabinet as ""all white men"" for the past two weeks:",0,1
The movie where Zac Efron is a DJ is super fucking rad,2,0
THANK GOD Donald J. Trump didn't appoint Dr. Ben Carson to Surgeon General!,2,0
I don't understand how people can see gay marriage as anything more complex than love. It's just love and no one should be denied that,2,0
@user here @user this should end the problems with $ laundering & currency conversion problems with @user & #CHINA,1,0
@user @user Because everyone knows it's George Soros?,0,1
"Biogas from grass can supply all UK with gas, claims CEO of @user   #innovation #cleantech",1,2
Nobody should be underestimating this recount. Came right after Trump said he'll pull out of TPP. It's not over until inauguration on Jan 20,0,1
"Stunt casting for ""deplorables."" What will let",1,0
@user you don't need coffee when the spirit of Kim Jong-un is there to keep you awake,0,1
#Microsoft Joins The Linux Foundation as a Platinum Member via multiple search engine,1,2
@user euthanasia for those who are barely living,1,0
"Rick Porcello aside, the BBWAA has been doing a better job recently with its Cy Young voting",1,2
@user @user #ThankYouObama for flying in #Pizza from #Chicago @user expense. $65.000 to another #Pizzagate,0,2
Hey @user - worth checking this week's @user on what robots are learning from octopuses,2,1
The Constitution lets the electoral college choose the winner. They should choose Clinton. #StillWithHer,2,1
2/2 but #Palestine has morals. Implication being despite #Israel transgressions #Palestine should show compassion,1,0
@user any updates on that income tax audit or was that all a lie? #BlackFriday #StillWithHer #Thanksgiving #AuditTheElection,0,1
Wow...the #Haifa fire story flew under my radar....damn. Arson or Karma? #Israel #Palestine,1,0
I will end the embargo against Cuba.,2,0
Sheikh Othman #Aden police arrested a cell of 6 suspected terrorists allegedly plotting the assassination of a lawyer in Mansoura. #Yemen,1,0
"@user Not sure, what happens then is that certain companies start to monopolize deep learning...",0,1
"W/ Trump, nationalists strike back against immigration  #politics #elections #news #startup",0,1
The latest The mardibum63 Daily! Thanks to @user @user @user #ai #brexit,1,2
"""He wants to break up the country’s biggest companies, meet with Nort Korean leader Kim Jong Un & throw President P…",1,0
Spoiler alert: this is what's inside of your Hatchimal. #ruinedchristmas #Hatchimals,0,1
Steve Bannon refuses to shop on #BlackFriday #TRUMP,1,0
"#ISIS infogrphic, week 5 of #MosulOffensive: claims killing 487 #ISF & #Peshmerga; 20 suicide attacks; 76 Humvees,…",1,0
Found my Bernie soulmate 🙆🏻🐦 #NODAPL @ Dakota Access Pipeline Resistance Camp,2,1
#Laugh at Ron White Death Penalty  on #comedy #funny #standup,2,1
The Electoral College Is Anything But Outdated,1,0
"He had Michael Moore camping on his doorstep like a groupie, played 'em like a pro—but does it matter now? Wait,…",0,1
Analyzing Post-Disaster #Structural Damage Using #DeepLearning Systems,0,1
@user China is making a gold standard.,1,2
@user I spent my 25k and got verlander,2,1
Jacob ✌🏻️🤑  #screamqueens,2,1
"But something something Clinton foundation something Saudi Arabia, right?",0,1
#MuhammadAli Muhammad. Ali Signed Olympics Picture Boxing Halll Of Fame #Legend #Boxer,2,1
😂😂WHEN I SAY WE TRIED 20 DAM TIMES!! STANDING STILL IS HARD AF😂😂 #mannequinchallenge…,2,1
The election of Donald Trump  could have a significant future impact on the project Dakota Access Pipeline when he takes office.,2,1
Doctors warn Victoria against legalising euthanasia via @user,0,1
Told her don't come for me because she wouldn't be able to find me!!! #IAmTheTruth,1,0
"Terrorist Bilal_Abdul_Kareem thinks the only way t ""defeat"" #ISIS is by declaring #Assad; the defender of #Syria ag…",1,0
Undersecretary of Cement on the Mexican Border..BUILD THE WALL.,0,1
"When Leonard Cohen and Fidel Castro both kick the bucket to avoid dealing with a Trump Presidency, choppy waters ahead...",0,1
@user @user control? Rape/incest = <3%. You think the death penalty for a murderer is equivalent to the slaughter of,1,0
@user @user @user Plez fight Putin!,0,1
#Isis commanders in #Syria or #Iraq directed foiled plot to launch pre-Christmas attacks on Paris landmarks,1,0
"@user @user @user @user @user read my articles. #Israel treats #Hamas daughter, people from #Gaza",1,0
current white supremacists: Why isnt there a white friday??,1,0
Are you prepared for the latest craze? #Hatchimals #blackfriday,1,2
"Started my day considering watching #GilmoreGirlsRevival, then found out what #Hatchimals are, now I'm playing @user #Batman. Hm.",1,2
@user How many of Cuba problems reflect US embargo? Cuba much poorer than US but has similar life expectancy. Why?,1,0
"I can't wait to kick 22 million off of Obamacare, voucherize Medicare & destroy Medicaid & the states with a block…",0,2
Christmas Charity Benefit 🌲 #MannequinChallenge @ Lukas Nursery & Butterfly Encounter,2,1
"niggas aint post ""tony romo's favorite dessert? apple turnovers"" memes in 3 years they dont know what to do with th…",0,1
@user don't know but now that relativity & political correctness are things past it means rightists can be called poo #auspol,0,1
"Of course I would out Christopher in my top 4 and it would be a controversial choice, so I'm just not gonna do the #GilmoreGirlsTop4",2,0
@user IT'S ACTUALLY PERSONA 5 OFFICIAL ART!I plan to get it scanned real soon bc I'm putting it in my room,1,2
Lover Lover Lover by Leonard Cohen is totally about being a trans girl like come on it's not even subtle,0,1
ICYMI: Winners were announced this week for the National Book Awards! What are you reading this weekend? #NBAwards,1,2
White supremacists already on CNN but otherwise excellent point.,1,2
Cat in the Hat Valentines Fabric -- Last Piece -- 40-70% off Listings throughout our  by altcollect #offer,2,1
Shariatpur's Idris Ali awarded death penalty for 1971 war crimes,1,0
why am i seeing so many westworld tweets,1,0
@user ah ah ah heros??? Are you sure? Do you want to win the best story to next oscar?,1,2
Kim Jong-un is wearing a muumuu and trying to pull a tiny muppet across a desk for some reason.,0,1
"we are in dangerous days, when the far right wing gains such a prominent and powerful position:  ""...“Many of...",0,1
"""Deep Learning Students worth 5 million to 10 million""- Wall Street Journal #goals",1,2
is it ok to avoid the person you sexted once when u wanted to get off now that you're in a relationship. I make bad decisions hombres,1,0
@user except for trump is OK with gay marriage and said trans can use whatever bathrooms they are comfortable with in his buildings?,1,0
"@user sorry but US friendship brings drone strikes, they forget that PAK played biggest role in Russia,s division.",1,0
Don't blame me. I voted for Hillary! #StillWithHer,1,2
@user @user Petro Poroshenko's an optimist but Putin's bedded down his proxies with WMD everything ready for a war he's staying,1,0
"So many people got taken from us in 2016, phizzurp, showkey, m dot, Muhammad Ali, Britney Spears😭😭😭",1,2
Saw @user 's name on new wikileaks documens about #Yemen. Intresting!,2,1
@user @user ummm literally so many brands have stopped animal testing #doyourresearch,1,0
@user @user @user @user @user yes I know but Comey should be pressured for further explanation about letter .,0,1
IT'S FROOOOOZEN. #3YearsofMidnightMemories #StoryOfMyLife #SOML #onedirection,1,2
"@user has seen fit to apologize publicly to Steve Bannon for the Anti-Semitic schmear he laid on Bannon, as the left is want to do.",1,0
The 3d printing Daily is out! Stories via @user @user #3dprinting #3d,2,1
"If you kill an unarmed Black/Brown person, you should get the death penalty. No questions asked.",1,0
"If you need any Holy oils or incense, Papa Andrea for next 5 days are offering free shipping from #Jerusalem",1,2
@user LOL muh popular vote. 😂😂😂,2,1
@user UM YOU ARE TALKING AB YOURSELF IM MELANIA TRUMP BEXT TO YOU,0,1
DIY Fan - Handy Tool Pen with 8 Different Heads - Number 1 Selling Mens Men Man Gents,1,2
"""I can't tell you how privileged I feel to wear one of your gowns."" - Mrs. Tony Romo",2,1
At least 8 killed in Egypt's Sinai - #Egypt #Sisi #Muslims #Israel #Gaza #Sinai #Hamas,1,0
@user @user hoping our Fellow Robots and chat bots learn some manners and deeper understanding of humans soon.,1,2
"@user I dont know which riots will be bigger, anti- trump ones black friday ones.",1,0
Interesting study of young Russia's complex relationship with #Putin from Julia Ioffe,1,2
Well I think he does need a good fracking!,1,2
First Leonard Cohen and now this. 2016 can totally get in the bin #yearsthatshouldgetinthebinhttps://t.co/uYXpyfuLIE,1,2
We Are The Bad Hombres!,1,0
@user #Hatchimals # Hatch these are like gold dust now 💚💚,2,1
Postcard stamps can add value.,2,1
Great now we're entering #ThisIsUs territory...dad dies so mom gets with dad's best friend #GilmoreGirlsRevival,1,2
I wish I had thanksgiving dinner leftovers to eat but I ate all yesterday,0,1
More #newarrivals #pentatonix #christmasalbum #arianagrande #frankzappa #leonardcohen with Hallelujah #bobdylan...,2,1
"Car Racing Art on Twitter: ""10 Cool Supercars of Cristiano Ronaldo",1,2
You better nominate @user for the #MannequinChallenge,2,1
so #uber you failed me and took money out my account #lyft where yall at,0,1
"@user @user @user He didnt in CA. Illegal Immigrants are how they ""ran up the score"" in popular vote, in California alone.",1,0
This is  what democracy should look like.LIKE AND SHARE,2,1
"@user I recently received the Daydream View VR from Google, I'll see if there's an Earth app",1,2
"""#China could get a #Galaxy Note 7 with 6GB of RAM and 128GB storage"" #android #mobile",1,2
“Self-Driving Cars are Hurtling Towards an AI Brick Wall” by @user,1,0
"""Will pedestrians and cyclists bully self-driving cars?"" #architecture #urban_design",1,0
"@user @user @user to Ukraine and their timber; you using them as a resource, you eurohipocrites",0,1
"david blaine is god, and the bible is a lie.. mark my words",2,1
Homeopathy shown to accelerate the healing of bone fractures in study,2,1
#DOX'ed: Cuban dissidents vow retaliation against enablers of #FidelCastro in Obama admin,1,0
"@user What's funny is that her profile pic is of Muhammad Ali, whom she would've called a Pinko Commie liberal 50 yrs. ago.",2,1
@user dude I just saw you on a rooftop in a David Blaine special where he's doing magic for you guys. Is that guy wild or what?,2,1
@user because Kate upton is too busy complaining that Justin Verlander should have won the CY Young award.,1,0
"I mean, what harm have Austrian rightists ever caused before?",1,0
For some reason I've been staying up late watching David Blaine videos on Netflix. What?,2,1
#DidYouKnow diabetes can affect the kidneys resulting in #kidney failure.https://t.co/pNEBXewl1N#Diabetes #Health…,1,0
Words have no power to impress the mind without the exquisite horror of their reality.  Edgar Allan Poe. #resist…,2,0
You should join me at this Meetup. Check it out and RSVP!  #icecream #jerusalem #israel,2,1
"@user Maybe if you hadn't violated the embargo against Cuba, I'd believe you.",0,1
"@user I'll tell you what, any woman who has had an abortion has done so with the utmost regret. Regret. Not shame.",1,0
Extensive strikes by @user in Sirte #Libya in recent days. Tiny # of ISIS militants holding out remarkably vs local fighters/US air power,1,0
@user @user lmaooo all day everyday ‼️ Her cougar self got her lil cubs in check so it's only right 😊❤️❤️,2,1
"Hmm future job? ""Government using drones that fire peanut butter to save black-footed ferrets from extinction""",1,0
Why some Jewish groups won't denounce Steve Bannon appointment,1,0
Why fossil fuels?,1,0
When conflicts of interest get elected into government office #TrumpTransitionTeam #MikeFlynn,0,1
you are out of your gourds if you are a jew supporting trump.https://t.co/u1Y4Z4Bd4r,0,1
"tens of thousands are trying to escape a ""slow-motion descent into hell""Aleppo siege: 'We are crying and afraid' -",1,0
"She cried for the family,neighbors and friends she left behind she cried for the burnt trees and charred land #Palestine #PalestineBurning",1,0
lol my moms making a second thanksgiving dinner bc she doesn't like that we didn't cook this year,1,0
i guess ima have to have my mom keep buying me big ass bears for valentines and christmas now since trey's not here.. 😓,0,1
"There's a whole industry, a veritable Ministry of Truth, tasked w/ lying to undermine efforts to raise #wages #FF15",1,0
21/May/15 False Flag Weekly News #false #flag #osama #bin #laden #boston #bombing #iraq #libya,1,0
"@user btw, matches the 60% Insurance Mafia skims off the top of our health care $$https://t.co/EAxzhW514w#WhoProfits #ThankYouObama",0,1
Can the Democratic Party rise again? Yes - and here's the first big thing to watch. #gay #vegan #vote #uniteblue,1,2
"It will be as exciting as the 1930s, greater than the Reagan revolution... Steve Bannon, with a Fabergé glint in…",1,2
Melania Trump will be a long distance FLOTUS. Perhaps her inability to speak coherently extemporaneously is a factor.,0,1
"@user @user @user @user @user @user You're forget 1 thing, the 2mjrPty's  are 1 team!",1,2
#Maduro puts responsibility for #Venezuela`s #currency drop on #US,1,0
Wow! Liberals are now asking for a refund from Jill Stein lol,0,2
for the next video im gonna need some help from you guys.so...please tweet me some questions regarding animal rights and vegetarianism!,2,1
I still call JV @user a Cy Young winner,2,1
"Missed #NationalFastFoodDay, but righting that wrong now.#McDonalds small fry & a cheeseburger.I know, doesn't even really count as ff.",1,2
This pic is everything 😷😷#AuditTheVote #NotMyPresident #TrumpTransitionTeam #mittromney,0,1
"Mexico on the left. USA on the right. No ""bad hombres"" were spotted. And physically no room for…",1,0
@user @user sport figures & certain celebrities can be seen as heroes.,1,2
.@Idubbbz @user - If you don't think this is how a President Trump would say my horny level is 7,1,0
Ariana Grande White House Easter Egg Roll in Washington #ArianaGrande,2,1
I took this at the capital in Salt Lake. Fitting scripture. I can't believe they cut my brother's Medicaid and caus…,0,1
@user human rights need to be at the top of the negotiations. End the death penalty for apostates and blasphemy.,1,0
@user you cited living wage. Minimum wage wasn't made to be a king off of,1,0
"They also changed their minds about the ""peaceful transition of power"" Trump was going to disrupt 🤔@Moo4pies02 @user @user",0,1
People with armed security should probably shut up about gun control #tcot #pjnet #p2 #ccot #nra,1,0
White supremacists want the ancient Egyptians to be Caucasian only because it supports their belief of being the su…,0,1
Celine Dion must sing the theme song  #Beautyandthebeast,2,1
"Lesson 3 of Being Extra: have a rule that you must wear sunglasses in fluorescent lighting and blame it on being ""90's"" #MariahsWorld",0,1
TIL:  a trip to the impound lot makes a good argument for self-driving cars.,1,2
"@user Obama Admin: Feds hope to drill Arctic Ocean, despite climate change, oil spill risks",0,1
#Westworld has blown my fucking mind.,2,0
"For those of you who have yet to see. BTW, the ""white guy"" & Steve Bannon (Trump's right hand man) are tight.",1,0
"U.S. Officials Defend Integrity of Vote, Despite Hacking Fears  /MAYBE OBAMA ADMIN. SHOULD MIND IT'S OWN BUSINESS---",0,1
@user Where are the Persona 5 PSN avatars for EU? They weren't in the store yesterday like you guys promised.,0,1
"@user Thank you for asking (and for the report!), we don't have an immediate answer. Was it the embargo story?",1,0
so fidel castro has died. when will maduro ever,1,0
@user putin t chiant :'(,0,1
The #NBAwards Fiction panel is about to begin. #MiamiBookFair2016,2,1
@user nah the social security dept. had my info mixed up my fault,1,0
"Repeal Congress’ special exemption from Obamacare, kill two birds with one stone – Washington Times",1,0
Whoever is in charge of leaking fake names to the liberal press on the #TrumpTransitionTeam is doing a great job #Kudos,0,2
Why drive? Get where you're going with $50 in #FREE rides on #Lyft. Click here>>> … … … #Uber #PHX #PDX #LAX #LAS,2,1
@user bush admin approved the bailout before Obama took office. Then again you hate Trump so you prob hate facts 🇺🇸🐸#swamp,1,0
I'm Dying😂😂😂 #TheWalkingDead,2,1
"Frank got me looking at racing helmets throughly. 😂😂 I'm diving deep into automobile culture, learning German slang",2,1
When you and your girls get those #BlackFriday deals... 💁 #ScreamQueens,2,1
@user @user @user Owes American people investigation into Trump affairs as well as charges on Cuba Embargo violations,1,0
@user same thanksgiving is always SUPER hectic . now its time to Relax until christmas,2,0
@user really? 😦 Because I'm practicing vegetarianism and I've seen little results.,1,0
Evaluating the BBWAA Cy Young voting through the years #fantasybaseball,2,1
#DFLP's Khaled: Betting on Int. Initiatives Futile Without Encountering #Israeli Occupation on Ground #Palestine,1,0
